player_id,general,combat,performance,economy,segments
4858,"{'series_played': 0, 'games_played': 0}","{'kills': {'total': 0, 'average': 0.0, 'best': 0, 'worst': 0}, 'deaths': {'total': 0, 'average': 0.0, 'worst': 0, 'best': 0}, 'first_kills': {'total': 0, 'percentage': 0.0}, 'damage': {'total': 0, 'average': 0.0, 'max': 0}}","{'wins': {'count': 0, 'percentage': 0, 'current_streak': 0, 'max_streak': 0}}","{'net_worth': {'average': 0, 'max': 0}, 'inventory_value': {'average': 0, 'max': 0}}","[{'type': 'round', 'count': 0, 'combat': {'kills': {'total': 0, 'average': 0.0}, 'deaths': {'total': 0, 'average': 0.0}}, 'objectives': [{'type': 'beginDefuseWithKit', 'completions': 0, 'avg_completions': 0.0, 'first_completions': {'count': 0, 'percentage': 0.0}}, {'type': 'beginDefuseWithoutKit', 'completions': 0, 'avg_completions': 0.0, 'first_completions': {'count': 0, 'percentage': 0.0}}, {'type': 'defuseBomb', 'completions': 0, 'avg_completions': 0.0, 'first_completions': {'count': 0, 'percentage': 0.0}}, {'type': 'explodeBomb', 'completions': 0, 'avg_completions': 0.0, 'first_completions': {'count': 0, 'percentage': 0.0}}, {'type': 'plantBomb', 'completions': 0, 'avg_completions': 0.0, 'first_completions': {'count': 0, 'percentage': 0.0}}], 'win_rate': 0.0}]"
4859,"{'series_played': 0, 'games_played': 0}","{'kills': {'total': 0, 'average': 0.0, 'best': 0, 'worst': 0}, 'deaths': {'total': 0, 'average': 0.0, 'worst': 0, 'best': 0}, 'first_kills': {'total': 0, 'percentage': 0.0}, 'damage': {'total': 0, 'average': 0.0, 'max': 0}}","{'wins': {'count': 0, 'percentage': 0, 'current_streak': 0, 'max_streak': 0}}","{'net_worth': {'average': 0, 'max': 0}, 'inventory_value': {'average': 0, 'max': 0}}","[{'type': 'round', 'count': 0, 'combat': {'kills': {'total': 0, 'average': 0.0}, 'deaths': {'total': 0, 'average': 0.0}}, 'objectives': [{'type': 'beginDefuseWithKit', 'completions': 0, 'avg_completions': 0.0, 'first_completions': {'count': 0, 'percentage': 0.0}}, {'type': 'beginDefuseWithoutKit', 'completions': 0, 'avg_completions': 0.0, 'first_completions': {'count': 0, 'percentage': 0.0}}, {'type': 'defuseBomb', 'completions': 0, 'avg_completions': 0.0, 'first_completions': {'count': 0, 'percentage': 0.0}}, {'type': 'explodeBomb', 'completions': 0, 'avg_completions': 0.0, 'first_completions': {'count': 0, 'percentage': 0.0}}, {'type': 'plantBomb', 'completions': 0, 'avg_completions': 0.0, 'first_completions': {'count': 0, 'percentage': 0.0}}], 'win_rate': 0.0}]"
4878,"{'series_played': 0, 'games_played': 0}","{'kills': {'total': 0, 'average': 0.0, 'best': 0, 'worst': 0}, 'deaths': {'total': 0, 'average': 0.0, 'worst': 0, 'best': 0}, 'first_kills': {'total': 0, 'percentage': 0.0}, 'damage': {'total': 0, 'average': 0.0, 'max': 0}}","{'wins': {'count': 0, 'percentage': 0, 'current_streak': 0, 'max_streak': 0}}","{'net_worth': {'average': 0, 'max': 0}, 'inventory_value': {'average': 0, 'max': 0}}","[{'type': 'round', 'count': 0, 'combat': {'kills': {'total': 0, 'average': 0.0}, 'deaths': {'total': 0, 'average': 0.0}}, 'objectives': [{'type': 'beginDefuseWithKit', 'completions': 0, 'avg_completions': 0.0, 'first_completions': {'count': 0, 'percentage': 0.0}}, {'type': 'beginDefuseWithoutKit', 'completions': 0, 'avg_completions': 0.0, 'first_completions': {'count': 0, 'percentage': 0.0}}, {'type': 'defuseBomb', 'completions': 0, 'avg_completions': 0.0, 'first_completions': {'count': 0, 'percentage': 0.0}}, {'type': 'explodeBomb', 'completions': 0, 'avg_completions': 0.0, 'first_completions': {'count': 0, 'percentage': 0.0}}, {'type': 'plantBomb', 'completions': 0, 'avg_completions': 0.0, 'first_completions': {'count': 0, 'percentage': 0.0}}], 'win_rate': 0.0}]"
4880,"{'series_played': 0, 'games_played': 0}","{'kills': {'total': 0, 'average': 0.0, 'best': 0, 'worst': 0}, 'deaths': {'total': 0, 'average': 0.0, 'worst': 0, 'best': 0}, 'first_kills': {'total': 0, 'percentage': 0.0}, 'damage': {'total': 0, 'average': 0.0, 'max': 0}}","{'wins': {'count': 0, 'percentage': 0, 'current_streak': 0, 'max_streak': 0}}","{'net_worth': {'average': 0, 'max': 0}, 'inventory_value': {'average': 0, 'max': 0}}","[{'type': 'round', 'count': 0, 'combat': {'kills': {'total': 0, 'average': 0.0}, 'deaths': {'total': 0, 'average': 0.0}}, 'objectives': [{'type': 'beginDefuseWithKit', 'completions': 0, 'avg_completions': 0.0, 'first_completions': {'count': 0, 'percentage': 0.0}}, {'type': 'beginDefuseWithoutKit', 'completions': 0, 'avg_completions': 0.0, 'first_completions': {'count': 0, 'percentage': 0.0}}, {'type': 'defuseBomb', 'completions': 0, 'avg_completions': 0.0, 'first_completions': {'count': 0, 'percentage': 0.0}}, {'type': 'explodeBomb', 'completions': 0, 'avg_completions': 0.0, 'first_completions': {'count': 0, 'percentage': 0.0}}, {'type': 'plantBomb', 'completions': 0, 'avg_completions': 0.0, 'first_completions': {'count': 0, 'percentage': 0.0}}], 'win_rate': 0.0}]"
4882,"{'series_played': 0, 'games_played': 0}","{'kills': {'total': 0, 'average': 0.0, 'best': 0, 'worst': 0}, 'deaths': {'total': 0, 'average': 0.0, 'worst': 0, 'best': 0}, 'first_kills': {'total': 0, 'percentage': 0.0}, 'damage': {'total': 0, 'average': 0.0, 'max': 0}}","{'wins': {'count': 0, 'percentage': 0, 'current_streak': 0, 'max_streak': 0}}","{'net_worth': {'average': 0, 'max': 0}, 'inventory_value': {'average': 0, 'max': 0}}","[{'type': 'round', 'count': 0, 'combat': {'kills': {'total': 0, 'average': 0.0}, 'deaths': {'total': 0, 'average': 0.0}}, 'objectives': [{'type': 'beginDefuseWithKit', 'completions': 0, 'avg_completions': 0.0, 'first_completions': {'count': 0, 'percentage': 0.0}}, {'type': 'beginDefuseWithoutKit', 'completions': 0, 'avg_completions': 0.0, 'first_completions': {'count': 0, 'percentage': 0.0}}, {'type': 'defuseBomb', 'completions': 0, 'avg_completions': 0.0, 'first_completions': {'count': 0, 'percentage': 0.0}}, {'type': 'explodeBomb', 'completions': 0, 'avg_completions': 0.0, 'first_completions': {'count': 0, 'percentage': 0.0}}, {'type': 'plantBomb', 'completions': 0, 'avg_completions': 0.0, 'first_completions': {'count': 0, 'percentage': 0.0}}], 'win_rate': 0.0}]"
4883,"{'series_played': 0, 'games_played': 0}","{'kills': {'total': 0, 'average': 0.0, 'best': 0, 'worst': 0}, 'deaths': {'total': 0, 'average': 0.0, 'worst': 0, 'best': 0}, 'first_kills': {'total': 0, 'percentage': 0.0}, 'damage': {'total': 0, 'average': 0.0, 'max': 0}}","{'wins': {'count': 0, 'percentage': 0, 'current_streak': 0, 'max_streak': 0}}","{'net_worth': {'average': 0, 'max': 0}, 'inventory_value': {'average': 0, 'max': 0}}","[{'type': 'round', 'count': 0, 'combat': {'kills': {'total': 0, 'average': 0.0}, 'deaths': {'total': 0, 'average': 0.0}}, 'objectives': [{'type': 'beginDefuseWithKit', 'completions': 0, 'avg_completions': 0.0, 'first_completions': {'count': 0, 'percentage': 0.0}}, {'type': 'beginDefuseWithoutKit', 'completions': 0, 'avg_completions': 0.0, 'first_completions': {'count': 0, 'percentage': 0.0}}, {'type': 'defuseBomb', 'completions': 0, 'avg_completions': 0.0, 'first_completions': {'count': 0, 'percentage': 0.0}}, {'type': 'explodeBomb', 'completions': 0, 'avg_completions': 0.0, 'first_completions': {'count': 0, 'percentage': 0.0}}, {'type': 'plantBomb', 'completions': 0, 'avg_completions': 0.0, 'first_completions': {'count': 0, 'percentage': 0.0}}], 'win_rate': 0.0}]"
4885,"{'series_played': 0, 'games_played': 0}","{'kills': {'total': 0, 'average': 0.0, 'best': 0, 'worst': 0}, 'deaths': {'total': 0, 'average': 0.0, 'worst': 0, 'best': 0}, 'first_kills': {'total': 0, 'percentage': 0.0}, 'damage': {'total': 0, 'average': 0.0, 'max': 0}}","{'wins': {'count': 0, 'percentage': 0, 'current_streak': 0, 'max_streak': 0}}","{'net_worth': {'average': 0, 'max': 0}, 'inventory_value': {'average': 0, 'max': 0}}","[{'type': 'round', 'count': 0, 'combat': {'kills': {'total': 0, 'average': 0.0}, 'deaths': {'total': 0, 'average': 0.0}}, 'objectives': [{'type': 'beginDefuseWithKit', 'completions': 0, 'avg_completions': 0.0, 'first_completions': {'count': 0, 'percentage': 0.0}}, {'type': 'beginDefuseWithoutKit', 'completions': 0, 'avg_completions': 0.0, 'first_completions': {'count': 0, 'percentage': 0.0}}, {'type': 'defuseBomb', 'completions': 0, 'avg_completions': 0.0, 'first_completions': {'count': 0, 'percentage': 0.0}}, {'type': 'explodeBomb', 'completions': 0, 'avg_completions': 0.0, 'first_completions': {'count': 0, 'percentage': 0.0}}, {'type': 'plantBomb', 'completions': 0, 'avg_completions': 0.0, 'first_completions': {'count': 0, 'percentage': 0.0}}], 'win_rate': 0.0}]"
4886,"{'series_played': 0, 'games_played': 0}","{'kills': {'total': 0, 'average': 0.0, 'best': 0, 'worst': 0}, 'deaths': {'total': 0, 'average': 0.0, 'worst': 0, 'best': 0}, 'first_kills': {'total': 0, 'percentage': 0.0}, 'damage': {'total': 0, 'average': 0.0, 'max': 0}}","{'wins': {'count': 0, 'percentage': 0, 'current_streak': 0, 'max_streak': 0}}","{'net_worth': {'average': 0, 'max': 0}, 'inventory_value': {'average': 0, 'max': 0}}","[{'type': 'round', 'count': 0, 'combat': {'kills': {'total': 0, 'average': 0.0}, 'deaths': {'total': 0, 'average': 0.0}}, 'objectives': [{'type': 'beginDefuseWithKit', 'completions': 0, 'avg_completions': 0.0, 'first_completions': {'count': 0, 'percentage': 0.0}}, {'type': 'beginDefuseWithoutKit', 'completions': 0, 'avg_completions': 0.0, 'first_completions': {'count': 0, 'percentage': 0.0}}, {'type': 'defuseBomb', 'completions': 0, 'avg_completions': 0.0, 'first_completions': {'count': 0, 'percentage': 0.0}}, {'type': 'explodeBomb', 'completions': 0, 'avg_completions': 0.0, 'first_completions': {'count': 0, 'percentage': 0.0}}, {'type': 'plantBomb', 'completions': 0, 'avg_completions': 0.0, 'first_completions': {'count': 0, 'percentage': 0.0}}], 'win_rate': 0.0}]"
4888,"{'series_played': 0, 'games_played': 0}","{'kills': {'total': 0, 'average': 0.0, 'best': 0, 'worst': 0}, 'deaths': {'total': 0, 'average': 0.0, 'worst': 0, 'best': 0}, 'first_kills': {'total': 0, 'percentage': 0.0}, 'damage': {'total': 0, 'average': 0.0, 'max': 0}}","{'wins': {'count': 0, 'percentage': 0, 'current_streak': 0, 'max_streak': 0}}","{'net_worth': {'average': 0, 'max': 0}, 'inventory_value': {'average': 0, 'max': 0}}","[{'type': 'round', 'count': 0, 'combat': {'kills': {'total': 0, 'average': 0.0}, 'deaths': {'total': 0, 'average': 0.0}}, 'objectives': [{'type': 'beginDefuseWithKit', 'completions': 0, 'avg_completions': 0.0, 'first_completions': {'count': 0, 'percentage': 0.0}}, {'type': 'beginDefuseWithoutKit', 'completions': 0, 'avg_completions': 0.0, 'first_completions': {'count': 0, 'percentage': 0.0}}, {'type': 'defuseBomb', 'completions': 0, 'avg_completions': 0.0, 'first_completions': {'count': 0, 'percentage': 0.0}}, {'type': 'explodeBomb', 'completions': 0, 'avg_completions': 0.0, 'first_completions': {'count': 0, 'percentage': 0.0}}, {'type': 'plantBomb', 'completions': 0, 'avg_completions': 0.0, 'first_completions': {'count': 0, 'percentage': 0.0}}], 'win_rate': 0.0}]"
4889,"{'series_played': 0, 'games_played': 0}","{'kills': {'total': 0, 'average': 0.0, 'best': 0, 'worst': 0}, 'deaths': {'total': 0, 'average': 0.0, 'worst': 0, 'best': 0}, 'first_kills': {'total': 0, 'percentage': 0.0}, 'damage': {'total': 0, 'average': 0.0, 'max': 0}}","{'wins': {'count': 0, 'percentage': 0, 'current_streak': 0, 'max_streak': 0}}","{'net_worth': {'average': 0, 'max': 0}, 'inventory_value': {'average': 0, 'max': 0}}","[{'type': 'round', 'count': 0, 'combat': {'kills': {'total': 0, 'average': 0.0}, 'deaths': {'total': 0, 'average': 0.0}}, 'objectives': [{'type': 'beginDefuseWithKit', 'completions': 0, 'avg_completions': 0.0, 'first_completions': {'count': 0, 'percentage': 0.0}}, {'type': 'beginDefuseWithoutKit', 'completions': 0, 'avg_completions': 0.0, 'first_completions': {'count': 0, 'percentage': 0.0}}, {'type': 'defuseBomb', 'completions': 0, 'avg_completions': 0.0, 'first_completions': {'count': 0, 'percentage': 0.0}}, {'type': 'explodeBomb', 'completions': 0, 'avg_completions': 0.0, 'first_completions': {'count': 0, 'percentage': 0.0}}, {'type': 'plantBomb', 'completions': 0, 'avg_completions': 0.0, 'first_completions': {'count': 0, 'percentage': 0.0}}], 'win_rate': 0.0}]"
4890,"{'series_played': 0, 'games_played': 0}","{'kills': {'total': 0, 'average': 0.0, 'best': 0, 'worst': 0}, 'deaths': {'total': 0, 'average': 0.0, 'worst': 0, 'best': 0}, 'first_kills': {'total': 0, 'percentage': 0.0}, 'damage': {'total': 0, 'average': 0.0, 'max': 0}}","{'wins': {'count': 0, 'percentage': 0, 'current_streak': 0, 'max_streak': 0}}","{'net_worth': {'average': 0, 'max': 0}, 'inventory_value': {'average': 0, 'max': 0}}","[{'type': 'round', 'count': 0, 'combat': {'kills': {'total': 0, 'average': 0.0}, 'deaths': {'total': 0, 'average': 0.0}}, 'objectives': [{'type': 'beginDefuseWithKit', 'completions': 0, 'avg_completions': 0.0, 'first_completions': {'count': 0, 'percentage': 0.0}}, {'type': 'beginDefuseWithoutKit', 'completions': 0, 'avg_completions': 0.0, 'first_completions': {'count': 0, 'percentage': 0.0}}, {'type': 'defuseBomb', 'completions': 0, 'avg_completions': 0.0, 'first_completions': {'count': 0, 'percentage': 0.0}}, {'type': 'explodeBomb', 'completions': 0, 'avg_completions': 0.0, 'first_completions': {'count': 0, 'percentage': 0.0}}, {'type': 'plantBomb', 'completions': 0, 'avg_completions': 0.0, 'first_completions': {'count': 0, 'percentage': 0.0}}], 'win_rate': 0.0}]"
4904,"{'series_played': 0, 'games_played': 0}","{'kills': {'total': 0, 'average': 0.0, 'best': 0, 'worst': 0}, 'deaths': {'total': 0, 'average': 0.0, 'worst': 0, 'best': 0}, 'first_kills': {'total': 0, 'percentage': 0.0}, 'damage': {'total': 0, 'average': 0.0, 'max': 0}}","{'wins': {'count': 0, 'percentage': 0, 'current_streak': 0, 'max_streak': 0}}","{'net_worth': {'average': 0, 'max': 0}, 'inventory_value': {'average': 0, 'max': 0}}","[{'type': 'round', 'count': 0, 'combat': {'kills': {'total': 0, 'average': 0.0}, 'deaths': {'total': 0, 'average': 0.0}}, 'objectives': [{'type': 'beginDefuseWithKit', 'completions': 0, 'avg_completions': 0.0, 'first_completions': {'count': 0, 'percentage': 0.0}}, {'type': 'beginDefuseWithoutKit', 'completions': 0, 'avg_completions': 0.0, 'first_completions': {'count': 0, 'percentage': 0.0}}, {'type': 'defuseBomb', 'completions': 0, 'avg_completions': 0.0, 'first_completions': {'count': 0, 'percentage': 0.0}}, {'type': 'explodeBomb', 'completions': 0, 'avg_completions': 0.0, 'first_completions': {'count': 0, 'percentage': 0.0}}, {'type': 'plantBomb', 'completions': 0, 'avg_completions': 0.0, 'first_completions': {'count': 0, 'percentage': 0.0}}], 'win_rate': 0.0}]"
4906,"{'series_played': 0, 'games_played': 0}","{'kills': {'total': 0, 'average': 0.0, 'best': 0, 'worst': 0}, 'deaths': {'total': 0, 'average': 0.0, 'worst': 0, 'best': 0}, 'first_kills': {'total': 0, 'percentage': 0.0}, 'damage': {'total': 0, 'average': 0.0, 'max': 0}}","{'wins': {'count': 0, 'percentage': 0, 'current_streak': 0, 'max_streak': 0}}","{'net_worth': {'average': 0, 'max': 0}, 'inventory_value': {'average': 0, 'max': 0}}","[{'type': 'round', 'count': 0, 'combat': {'kills': {'total': 0, 'average': 0.0}, 'deaths': {'total': 0, 'average': 0.0}}, 'objectives': [{'type': 'beginDefuseWithKit', 'completions': 0, 'avg_completions': 0.0, 'first_completions': {'count': 0, 'percentage': 0.0}}, {'type': 'beginDefuseWithoutKit', 'completions': 0, 'avg_completions': 0.0, 'first_completions': {'count': 0, 'percentage': 0.0}}, {'type': 'defuseBomb', 'completions': 0, 'avg_completions': 0.0, 'first_completions': {'count': 0, 'percentage': 0.0}}, {'type': 'explodeBomb', 'completions': 0, 'avg_completions': 0.0, 'first_completions': {'count': 0, 'percentage': 0.0}}, {'type': 'plantBomb', 'completions': 0, 'avg_completions': 0.0, 'first_completions': {'count': 0, 'percentage': 0.0}}], 'win_rate': 0.0}]"
4907,"{'series_played': 0, 'games_played': 0}","{'kills': {'total': 0, 'average': 0.0, 'best': 0, 'worst': 0}, 'deaths': {'total': 0, 'average': 0.0, 'worst': 0, 'best': 0}, 'first_kills': {'total': 0, 'percentage': 0.0}, 'damage': {'total': 0, 'average': 0.0, 'max': 0}}","{'wins': {'count': 0, 'percentage': 0, 'current_streak': 0, 'max_streak': 0}}","{'net_worth': {'average': 0, 'max': 0}, 'inventory_value': {'average': 0, 'max': 0}}","[{'type': 'round', 'count': 0, 'combat': {'kills': {'total': 0, 'average': 0.0}, 'deaths': {'total': 0, 'average': 0.0}}, 'objectives': [{'type': 'beginDefuseWithKit', 'completions': 0, 'avg_completions': 0.0, 'first_completions': {'count': 0, 'percentage': 0.0}}, {'type': 'beginDefuseWithoutKit', 'completions': 0, 'avg_completions': 0.0, 'first_completions': {'count': 0, 'percentage': 0.0}}, {'type': 'defuseBomb', 'completions': 0, 'avg_completions': 0.0, 'first_completions': {'count': 0, 'percentage': 0.0}}, {'type': 'explodeBomb', 'completions': 0, 'avg_completions': 0.0, 'first_completions': {'count': 0, 'percentage': 0.0}}, {'type': 'plantBomb', 'completions': 0, 'avg_completions': 0.0, 'first_completions': {'count': 0, 'percentage': 0.0}}], 'win_rate': 0.0}]"
4908,"{'series_played': 0, 'games_played': 0}","{'kills': {'total': 0, 'average': 0.0, 'best': 0, 'worst': 0}, 'deaths': {'total': 0, 'average': 0.0, 'worst': 0, 'best': 0}, 'first_kills': {'total': 0, 'percentage': 0.0}, 'damage': {'total': 0, 'average': 0.0, 'max': 0}}","{'wins': {'count': 0, 'percentage': 0, 'current_streak': 0, 'max_streak': 0}}","{'net_worth': {'average': 0, 'max': 0}, 'inventory_value': {'average': 0, 'max': 0}}","[{'type': 'round', 'count': 0, 'combat': {'kills': {'total': 0, 'average': 0.0}, 'deaths': {'total': 0, 'average': 0.0}}, 'objectives': [{'type': 'beginDefuseWithKit', 'completions': 0, 'avg_completions': 0.0, 'first_completions': {'count': 0, 'percentage': 0.0}}, {'type': 'beginDefuseWithoutKit', 'completions': 0, 'avg_completions': 0.0, 'first_completions': {'count': 0, 'percentage': 0.0}}, {'type': 'defuseBomb', 'completions': 0, 'avg_completions': 0.0, 'first_completions': {'count': 0, 'percentage': 0.0}}, {'type': 'explodeBomb', 'completions': 0, 'avg_completions': 0.0, 'first_completions': {'count': 0, 'percentage': 0.0}}, {'type': 'plantBomb', 'completions': 0, 'avg_completions': 0.0, 'first_completions': {'count': 0, 'percentage': 0.0}}], 'win_rate': 0.0}]"
4910,"{'series_played': 0, 'games_played': 0}","{'kills': {'total': 0, 'average': 0.0, 'best': 0, 'worst': 0}, 'deaths': {'total': 0, 'average': 0.0, 'worst': 0, 'best': 0}, 'first_kills': {'total': 0, 'percentage': 0.0}, 'damage': {'total': 0, 'average': 0.0, 'max': 0}}","{'wins': {'count': 0, 'percentage': 0, 'current_streak': 0, 'max_streak': 0}}","{'net_worth': {'average': 0, 'max': 0}, 'inventory_value': {'average': 0, 'max': 0}}","[{'type': 'round', 'count': 0, 'combat': {'kills': {'total': 0, 'average': 0.0}, 'deaths': {'total': 0, 'average': 0.0}}, 'objectives': [{'type': 'beginDefuseWithKit', 'completions': 0, 'avg_completions': 0.0, 'first_completions': {'count': 0, 'percentage': 0.0}}, {'type': 'beginDefuseWithoutKit', 'completions': 0, 'avg_completions': 0.0, 'first_completions': {'count': 0, 'percentage': 0.0}}, {'type': 'defuseBomb', 'completions': 0, 'avg_completions': 0.0, 'first_completions': {'count': 0, 'percentage': 0.0}}, {'type': 'explodeBomb', 'completions': 0, 'avg_completions': 0.0, 'first_completions': {'count': 0, 'percentage': 0.0}}, {'type': 'plantBomb', 'completions': 0, 'avg_completions': 0.0, 'first_completions': {'count': 0, 'percentage': 0.0}}], 'win_rate': 0.0}]"
4911,"{'series_played': 0, 'games_played': 0}","{'kills': {'total': 0, 'average': 0.0, 'best': 0, 'worst': 0}, 'deaths': {'total': 0, 'average': 0.0, 'worst': 0, 'best': 0}, 'first_kills': {'total': 0, 'percentage': 0.0}, 'damage': {'total': 0, 'average': 0.0, 'max': 0}}","{'wins': {'count': 0, 'percentage': 0, 'current_streak': 0, 'max_streak': 0}}","{'net_worth': {'average': 0, 'max': 0}, 'inventory_value': {'average': 0, 'max': 0}}","[{'type': 'round', 'count': 0, 'combat': {'kills': {'total': 0, 'average': 0.0}, 'deaths': {'total': 0, 'average': 0.0}}, 'objectives': [{'type': 'beginDefuseWithKit', 'completions': 0, 'avg_completions': 0.0, 'first_completions': {'count': 0, 'percentage': 0.0}}, {'type': 'beginDefuseWithoutKit', 'completions': 0, 'avg_completions': 0.0, 'first_completions': {'count': 0, 'percentage': 0.0}}, {'type': 'defuseBomb', 'completions': 0, 'avg_completions': 0.0, 'first_completions': {'count': 0, 'percentage': 0.0}}, {'type': 'explodeBomb', 'completions': 0, 'avg_completions': 0.0, 'first_completions': {'count': 0, 'percentage': 0.0}}, {'type': 'plantBomb', 'completions': 0, 'avg_completions': 0.0, 'first_completions': {'count': 0, 'percentage': 0.0}}], 'win_rate': 0.0}]"
4912,"{'series_played': 0, 'games_played': 0}","{'kills': {'total': 0, 'average': 0.0, 'best': 0, 'worst': 0}, 'deaths': {'total': 0, 'average': 0.0, 'worst': 0, 'best': 0}, 'first_kills': {'total': 0, 'percentage': 0.0}, 'damage': {'total': 0, 'average': 0.0, 'max': 0}}","{'wins': {'count': 0, 'percentage': 0, 'current_streak': 0, 'max_streak': 0}}","{'net_worth': {'average': 0, 'max': 0}, 'inventory_value': {'average': 0, 'max': 0}}","[{'type': 'round', 'count': 0, 'combat': {'kills': {'total': 0, 'average': 0.0}, 'deaths': {'total': 0, 'average': 0.0}}, 'objectives': [{'type': 'beginDefuseWithKit', 'completions': 0, 'avg_completions': 0.0, 'first_completions': {'count': 0, 'percentage': 0.0}}, {'type': 'beginDefuseWithoutKit', 'completions': 0, 'avg_completions': 0.0, 'first_completions': {'count': 0, 'percentage': 0.0}}, {'type': 'defuseBomb', 'completions': 0, 'avg_completions': 0.0, 'first_completions': {'count': 0, 'percentage': 0.0}}, {'type': 'explodeBomb', 'completions': 0, 'avg_completions': 0.0, 'first_completions': {'count': 0, 'percentage': 0.0}}, {'type': 'plantBomb', 'completions': 0, 'avg_completions': 0.0, 'first_completions': {'count': 0, 'percentage': 0.0}}], 'win_rate': 0.0}]"
4913,"{'series_played': 0, 'games_played': 0}","{'kills': {'total': 0, 'average': 0.0, 'best': 0, 'worst': 0}, 'deaths': {'total': 0, 'average': 0.0, 'worst': 0, 'best': 0}, 'first_kills': {'total': 0, 'percentage': 0.0}, 'damage': {'total': 0, 'average': 0.0, 'max': 0}}","{'wins': {'count': 0, 'percentage': 0, 'current_streak': 0, 'max_streak': 0}}","{'net_worth': {'average': 0, 'max': 0}, 'inventory_value': {'average': 0, 'max': 0}}","[{'type': 'round', 'count': 0, 'combat': {'kills': {'total': 0, 'average': 0.0}, 'deaths': {'total': 0, 'average': 0.0}}, 'objectives': [{'type': 'beginDefuseWithKit', 'completions': 0, 'avg_completions': 0.0, 'first_completions': {'count': 0, 'percentage': 0.0}}, {'type': 'beginDefuseWithoutKit', 'completions': 0, 'avg_completions': 0.0, 'first_completions': {'count': 0, 'percentage': 0.0}}, {'type': 'defuseBomb', 'completions': 0, 'avg_completions': 0.0, 'first_completions': {'count': 0, 'percentage': 0.0}}, {'type': 'explodeBomb', 'completions': 0, 'avg_completions': 0.0, 'first_completions': {'count': 0, 'percentage': 0.0}}, {'type': 'plantBomb', 'completions': 0, 'avg_completions': 0.0, 'first_completions': {'count': 0, 'percentage': 0.0}}], 'win_rate': 0.0}]"
4914,"{'series_played': 0, 'games_played': 0}","{'kills': {'total': 0, 'average': 0.0, 'best': 0, 'worst': 0}, 'deaths': {'total': 0, 'average': 0.0, 'worst': 0, 'best': 0}, 'first_kills': {'total': 0, 'percentage': 0.0}, 'damage': {'total': 0, 'average': 0.0, 'max': 0}}","{'wins': {'count': 0, 'percentage': 0, 'current_streak': 0, 'max_streak': 0}}","{'net_worth': {'average': 0, 'max': 0}, 'inventory_value': {'average': 0, 'max': 0}}","[{'type': 'round', 'count': 0, 'combat': {'kills': {'total': 0, 'average': 0.0}, 'deaths': {'total': 0, 'average': 0.0}}, 'objectives': [{'type': 'beginDefuseWithKit', 'completions': 0, 'avg_completions': 0.0, 'first_completions': {'count': 0, 'percentage': 0.0}}, {'type': 'beginDefuseWithoutKit', 'completions': 0, 'avg_completions': 0.0, 'first_completions': {'count': 0, 'percentage': 0.0}}, {'type': 'defuseBomb', 'completions': 0, 'avg_completions': 0.0, 'first_completions': {'count': 0, 'percentage': 0.0}}, {'type': 'explodeBomb', 'completions': 0, 'avg_completions': 0.0, 'first_completions': {'count': 0, 'percentage': 0.0}}, {'type': 'plantBomb', 'completions': 0, 'avg_completions': 0.0, 'first_completions': {'count': 0, 'percentage': 0.0}}], 'win_rate': 0.0}]"
4916,"{'series_played': 0, 'games_played': 0}","{'kills': {'total': 0, 'average': 0.0, 'best': 0, 'worst': 0}, 'deaths': {'total': 0, 'average': 0.0, 'worst': 0, 'best': 0}, 'first_kills': {'total': 0, 'percentage': 0.0}, 'damage': {'total': 0, 'average': 0.0, 'max': 0}}","{'wins': {'count': 0, 'percentage': 0, 'current_streak': 0, 'max_streak': 0}}","{'net_worth': {'average': 0, 'max': 0}, 'inventory_value': {'average': 0, 'max': 0}}","[{'type': 'round', 'count': 0, 'combat': {'kills': {'total': 0, 'average': 0.0}, 'deaths': {'total': 0, 'average': 0.0}}, 'objectives': [{'type': 'beginDefuseWithKit', 'completions': 0, 'avg_completions': 0.0, 'first_completions': {'count': 0, 'percentage': 0.0}}, {'type': 'beginDefuseWithoutKit', 'completions': 0, 'avg_completions': 0.0, 'first_completions': {'count': 0, 'percentage': 0.0}}, {'type': 'defuseBomb', 'completions': 0, 'avg_completions': 0.0, 'first_completions': {'count': 0, 'percentage': 0.0}}, {'type': 'explodeBomb', 'completions': 0, 'avg_completions': 0.0, 'first_completions': {'count': 0, 'percentage': 0.0}}, {'type': 'plantBomb', 'completions': 0, 'avg_completions': 0.0, 'first_completions': {'count': 0, 'percentage': 0.0}}], 'win_rate': 0.0}]"
4921,"{'series_played': 0, 'games_played': 0}","{'kills': {'total': 0, 'average': 0.0, 'best': 0, 'worst': 0}, 'deaths': {'total': 0, 'average': 0.0, 'worst': 0, 'best': 0}, 'first_kills': {'total': 0, 'percentage': 0.0}, 'damage': {'total': 0, 'average': 0.0, 'max': 0}}","{'wins': {'count': 0, 'percentage': 0, 'current_streak': 0, 'max_streak': 0}}","{'net_worth': {'average': 0, 'max': 0}, 'inventory_value': {'average': 0, 'max': 0}}","[{'type': 'round', 'count': 0, 'combat': {'kills': {'total': 0, 'average': 0.0}, 'deaths': {'total': 0, 'average': 0.0}}, 'objectives': [{'type': 'beginDefuseWithKit', 'completions': 0, 'avg_completions': 0.0, 'first_completions': {'count': 0, 'percentage': 0.0}}, {'type': 'beginDefuseWithoutKit', 'completions': 0, 'avg_completions': 0.0, 'first_completions': {'count': 0, 'percentage': 0.0}}, {'type': 'defuseBomb', 'completions': 0, 'avg_completions': 0.0, 'first_completions': {'count': 0, 'percentage': 0.0}}, {'type': 'explodeBomb', 'completions': 0, 'avg_completions': 0.0, 'first_completions': {'count': 0, 'percentage': 0.0}}, {'type': 'plantBomb', 'completions': 0, 'avg_completions': 0.0, 'first_completions': {'count': 0, 'percentage': 0.0}}], 'win_rate': 0.0}]"
4922,"{'series_played': 0, 'games_played': 0}","{'kills': {'total': 0, 'average': 0.0, 'best': 0, 'worst': 0}, 'deaths': {'total': 0, 'average': 0.0, 'worst': 0, 'best': 0}, 'first_kills': {'total': 0, 'percentage': 0.0}, 'damage': {'total': 0, 'average': 0.0, 'max': 0}}","{'wins': {'count': 0, 'percentage': 0, 'current_streak': 0, 'max_streak': 0}}","{'net_worth': {'average': 0, 'max': 0}, 'inventory_value': {'average': 0, 'max': 0}}","[{'type': 'round', 'count': 0, 'combat': {'kills': {'total': 0, 'average': 0.0}, 'deaths': {'total': 0, 'average': 0.0}}, 'objectives': [{'type': 'beginDefuseWithKit', 'completions': 0, 'avg_completions': 0.0, 'first_completions': {'count': 0, 'percentage': 0.0}}, {'type': 'beginDefuseWithoutKit', 'completions': 0, 'avg_completions': 0.0, 'first_completions': {'count': 0, 'percentage': 0.0}}, {'type': 'defuseBomb', 'completions': 0, 'avg_completions': 0.0, 'first_completions': {'count': 0, 'percentage': 0.0}}, {'type': 'explodeBomb', 'completions': 0, 'avg_completions': 0.0, 'first_completions': {'count': 0, 'percentage': 0.0}}, {'type': 'plantBomb', 'completions': 0, 'avg_completions': 0.0, 'first_completions': {'count': 0, 'percentage': 0.0}}], 'win_rate': 0.0}]"
4923,"{'series_played': 0, 'games_played': 0}","{'kills': {'total': 0, 'average': 0.0, 'best': 0, 'worst': 0}, 'deaths': {'total': 0, 'average': 0.0, 'worst': 0, 'best': 0}, 'first_kills': {'total': 0, 'percentage': 0.0}, 'damage': {'total': 0, 'average': 0.0, 'max': 0}}","{'wins': {'count': 0, 'percentage': 0, 'current_streak': 0, 'max_streak': 0}}","{'net_worth': {'average': 0, 'max': 0}, 'inventory_value': {'average': 0, 'max': 0}}","[{'type': 'round', 'count': 0, 'combat': {'kills': {'total': 0, 'average': 0.0}, 'deaths': {'total': 0, 'average': 0.0}}, 'objectives': [{'type': 'beginDefuseWithKit', 'completions': 0, 'avg_completions': 0.0, 'first_completions': {'count': 0, 'percentage': 0.0}}, {'type': 'beginDefuseWithoutKit', 'completions': 0, 'avg_completions': 0.0, 'first_completions': {'count': 0, 'percentage': 0.0}}, {'type': 'defuseBomb', 'completions': 0, 'avg_completions': 0.0, 'first_completions': {'count': 0, 'percentage': 0.0}}, {'type': 'explodeBomb', 'completions': 0, 'avg_completions': 0.0, 'first_completions': {'count': 0, 'percentage': 0.0}}, {'type': 'plantBomb', 'completions': 0, 'avg_completions': 0.0, 'first_completions': {'count': 0, 'percentage': 0.0}}], 'win_rate': 0.0}]"
4925,"{'series_played': 0, 'games_played': 0}","{'kills': {'total': 0, 'average': 0.0, 'best': 0, 'worst': 0}, 'deaths': {'total': 0, 'average': 0.0, 'worst': 0, 'best': 0}, 'first_kills': {'total': 0, 'percentage': 0.0}, 'damage': {'total': 0, 'average': 0.0, 'max': 0}}","{'wins': {'count': 0, 'percentage': 0, 'current_streak': 0, 'max_streak': 0}}","{'net_worth': {'average': 0, 'max': 0}, 'inventory_value': {'average': 0, 'max': 0}}","[{'type': 'round', 'count': 0, 'combat': {'kills': {'total': 0, 'average': 0.0}, 'deaths': {'total': 0, 'average': 0.0}}, 'objectives': [{'type': 'beginDefuseWithKit', 'completions': 0, 'avg_completions': 0.0, 'first_completions': {'count': 0, 'percentage': 0.0}}, {'type': 'beginDefuseWithoutKit', 'completions': 0, 'avg_completions': 0.0, 'first_completions': {'count': 0, 'percentage': 0.0}}, {'type': 'defuseBomb', 'completions': 0, 'avg_completions': 0.0, 'first_completions': {'count': 0, 'percentage': 0.0}}, {'type': 'explodeBomb', 'completions': 0, 'avg_completions': 0.0, 'first_completions': {'count': 0, 'percentage': 0.0}}, {'type': 'plantBomb', 'completions': 0, 'avg_completions': 0.0, 'first_completions': {'count': 0, 'percentage': 0.0}}], 'win_rate': 0.0}]"
4926,"{'series_played': 0, 'games_played': 0}","{'kills': {'total': 0, 'average': 0.0, 'best': 0, 'worst': 0}, 'deaths': {'total': 0, 'average': 0.0, 'worst': 0, 'best': 0}, 'first_kills': {'total': 0, 'percentage': 0.0}, 'damage': {'total': 0, 'average': 0.0, 'max': 0}}","{'wins': {'count': 0, 'percentage': 0, 'current_streak': 0, 'max_streak': 0}}","{'net_worth': {'average': 0, 'max': 0}, 'inventory_value': {'average': 0, 'max': 0}}","[{'type': 'round', 'count': 0, 'combat': {'kills': {'total': 0, 'average': 0.0}, 'deaths': {'total': 0, 'average': 0.0}}, 'objectives': [{'type': 'beginDefuseWithKit', 'completions': 0, 'avg_completions': 0.0, 'first_completions': {'count': 0, 'percentage': 0.0}}, {'type': 'beginDefuseWithoutKit', 'completions': 0, 'avg_completions': 0.0, 'first_completions': {'count': 0, 'percentage': 0.0}}, {'type': 'defuseBomb', 'completions': 0, 'avg_completions': 0.0, 'first_completions': {'count': 0, 'percentage': 0.0}}, {'type': 'explodeBomb', 'completions': 0, 'avg_completions': 0.0, 'first_completions': {'count': 0, 'percentage': 0.0}}, {'type': 'plantBomb', 'completions': 0, 'avg_completions': 0.0, 'first_completions': {'count': 0, 'percentage': 0.0}}], 'win_rate': 0.0}]"
4927,"{'series_played': 0, 'games_played': 0}","{'kills': {'total': 0, 'average': 0.0, 'best': 0, 'worst': 0}, 'deaths': {'total': 0, 'average': 0.0, 'worst': 0, 'best': 0}, 'first_kills': {'total': 0, 'percentage': 0.0}, 'damage': {'total': 0, 'average': 0.0, 'max': 0}}","{'wins': {'count': 0, 'percentage': 0, 'current_streak': 0, 'max_streak': 0}}","{'net_worth': {'average': 0, 'max': 0}, 'inventory_value': {'average': 0, 'max': 0}}","[{'type': 'round', 'count': 0, 'combat': {'kills': {'total': 0, 'average': 0.0}, 'deaths': {'total': 0, 'average': 0.0}}, 'objectives': [{'type': 'beginDefuseWithKit', 'completions': 0, 'avg_completions': 0.0, 'first_completions': {'count': 0, 'percentage': 0.0}}, {'type': 'beginDefuseWithoutKit', 'completions': 0, 'avg_completions': 0.0, 'first_completions': {'count': 0, 'percentage': 0.0}}, {'type': 'defuseBomb', 'completions': 0, 'avg_completions': 0.0, 'first_completions': {'count': 0, 'percentage': 0.0}}, {'type': 'explodeBomb', 'completions': 0, 'avg_completions': 0.0, 'first_completions': {'count': 0, 'percentage': 0.0}}, {'type': 'plantBomb', 'completions': 0, 'avg_completions': 0.0, 'first_completions': {'count': 0, 'percentage': 0.0}}], 'win_rate': 0.0}]"
4928,"{'series_played': 0, 'games_played': 0}","{'kills': {'total': 0, 'average': 0.0, 'best': 0, 'worst': 0}, 'deaths': {'total': 0, 'average': 0.0, 'worst': 0, 'best': 0}, 'first_kills': {'total': 0, 'percentage': 0.0}, 'damage': {'total': 0, 'average': 0.0, 'max': 0}}","{'wins': {'count': 0, 'percentage': 0, 'current_streak': 0, 'max_streak': 0}}","{'net_worth': {'average': 0, 'max': 0}, 'inventory_value': {'average': 0, 'max': 0}}","[{'type': 'round', 'count': 0, 'combat': {'kills': {'total': 0, 'average': 0.0}, 'deaths': {'total': 0, 'average': 0.0}}, 'objectives': [{'type': 'beginDefuseWithKit', 'completions': 0, 'avg_completions': 0.0, 'first_completions': {'count': 0, 'percentage': 0.0}}, {'type': 'beginDefuseWithoutKit', 'completions': 0, 'avg_completions': 0.0, 'first_completions': {'count': 0, 'percentage': 0.0}}, {'type': 'defuseBomb', 'completions': 0, 'avg_completions': 0.0, 'first_completions': {'count': 0, 'percentage': 0.0}}, {'type': 'explodeBomb', 'completions': 0, 'avg_completions': 0.0, 'first_completions': {'count': 0, 'percentage': 0.0}}, {'type': 'plantBomb', 'completions': 0, 'avg_completions': 0.0, 'first_completions': {'count': 0, 'percentage': 0.0}}], 'win_rate': 0.0}]"
4930,"{'series_played': 0, 'games_played': 0}","{'kills': {'total': 0, 'average': 0.0, 'best': 0, 'worst': 0}, 'deaths': {'total': 0, 'average': 0.0, 'worst': 0, 'best': 0}, 'first_kills': {'total': 0, 'percentage': 0.0}, 'damage': {'total': 0, 'average': 0.0, 'max': 0}}","{'wins': {'count': 0, 'percentage': 0, 'current_streak': 0, 'max_streak': 0}}","{'net_worth': {'average': 0, 'max': 0}, 'inventory_value': {'average': 0, 'max': 0}}","[{'type': 'round', 'count': 0, 'combat': {'kills': {'total': 0, 'average': 0.0}, 'deaths': {'total': 0, 'average': 0.0}}, 'objectives': [{'type': 'beginDefuseWithKit', 'completions': 0, 'avg_completions': 0.0, 'first_completions': {'count': 0, 'percentage': 0.0}}, {'type': 'beginDefuseWithoutKit', 'completions': 0, 'avg_completions': 0.0, 'first_completions': {'count': 0, 'percentage': 0.0}}, {'type': 'defuseBomb', 'completions': 0, 'avg_completions': 0.0, 'first_completions': {'count': 0, 'percentage': 0.0}}, {'type': 'explodeBomb', 'completions': 0, 'avg_completions': 0.0, 'first_completions': {'count': 0, 'percentage': 0.0}}, {'type': 'plantBomb', 'completions': 0, 'avg_completions': 0.0, 'first_completions': {'count': 0, 'percentage': 0.0}}], 'win_rate': 0.0}]"
4932,"{'series_played': 0, 'games_played': 0}","{'kills': {'total': 0, 'average': 0.0, 'best': 0, 'worst': 0}, 'deaths': {'total': 0, 'average': 0.0, 'worst': 0, 'best': 0}, 'first_kills': {'total': 0, 'percentage': 0.0}, 'damage': {'total': 0, 'average': 0.0, 'max': 0}}","{'wins': {'count': 0, 'percentage': 0, 'current_streak': 0, 'max_streak': 0}}","{'net_worth': {'average': 0, 'max': 0}, 'inventory_value': {'average': 0, 'max': 0}}","[{'type': 'round', 'count': 0, 'combat': {'kills': {'total': 0, 'average': 0.0}, 'deaths': {'total': 0, 'average': 0.0}}, 'objectives': [{'type': 'beginDefuseWithKit', 'completions': 0, 'avg_completions': 0.0, 'first_completions': {'count': 0, 'percentage': 0.0}}, {'type': 'beginDefuseWithoutKit', 'completions': 0, 'avg_completions': 0.0, 'first_completions': {'count': 0, 'percentage': 0.0}}, {'type': 'defuseBomb', 'completions': 0, 'avg_completions': 0.0, 'first_completions': {'count': 0, 'percentage': 0.0}}, {'type': 'explodeBomb', 'completions': 0, 'avg_completions': 0.0, 'first_completions': {'count': 0, 'percentage': 0.0}}, {'type': 'plantBomb', 'completions': 0, 'avg_completions': 0.0, 'first_completions': {'count': 0, 'percentage': 0.0}}], 'win_rate': 0.0}]"
4934,"{'series_played': 0, 'games_played': 0}","{'kills': {'total': 0, 'average': 0.0, 'best': 0, 'worst': 0}, 'deaths': {'total': 0, 'average': 0.0, 'worst': 0, 'best': 0}, 'first_kills': {'total': 0, 'percentage': 0.0}, 'damage': {'total': 0, 'average': 0.0, 'max': 0}}","{'wins': {'count': 0, 'percentage': 0, 'current_streak': 0, 'max_streak': 0}}","{'net_worth': {'average': 0, 'max': 0}, 'inventory_value': {'average': 0, 'max': 0}}","[{'type': 'round', 'count': 0, 'combat': {'kills': {'total': 0, 'average': 0.0}, 'deaths': {'total': 0, 'average': 0.0}}, 'objectives': [{'type': 'beginDefuseWithKit', 'completions': 0, 'avg_completions': 0.0, 'first_completions': {'count': 0, 'percentage': 0.0}}, {'type': 'beginDefuseWithoutKit', 'completions': 0, 'avg_completions': 0.0, 'first_completions': {'count': 0, 'percentage': 0.0}}, {'type': 'defuseBomb', 'completions': 0, 'avg_completions': 0.0, 'first_completions': {'count': 0, 'percentage': 0.0}}, {'type': 'explodeBomb', 'completions': 0, 'avg_completions': 0.0, 'first_completions': {'count': 0, 'percentage': 0.0}}, {'type': 'plantBomb', 'completions': 0, 'avg_completions': 0.0, 'first_completions': {'count': 0, 'percentage': 0.0}}], 'win_rate': 0.0}]"
4942,"{'series_played': 0, 'games_played': 0}","{'kills': {'total': 0, 'average': 0.0, 'best': 0, 'worst': 0}, 'deaths': {'total': 0, 'average': 0.0, 'worst': 0, 'best': 0}, 'first_kills': {'total': 0, 'percentage': 0.0}, 'damage': {'total': 0, 'average': 0.0, 'max': 0}}","{'wins': {'count': 0, 'percentage': 0, 'current_streak': 0, 'max_streak': 0}}","{'net_worth': {'average': 0, 'max': 0}, 'inventory_value': {'average': 0, 'max': 0}}","[{'type': 'round', 'count': 0, 'combat': {'kills': {'total': 0, 'average': 0.0}, 'deaths': {'total': 0, 'average': 0.0}}, 'objectives': [{'type': 'beginDefuseWithKit', 'completions': 0, 'avg_completions': 0.0, 'first_completions': {'count': 0, 'percentage': 0.0}}, {'type': 'beginDefuseWithoutKit', 'completions': 0, 'avg_completions': 0.0, 'first_completions': {'count': 0, 'percentage': 0.0}}, {'type': 'defuseBomb', 'completions': 0, 'avg_completions': 0.0, 'first_completions': {'count': 0, 'percentage': 0.0}}, {'type': 'explodeBomb', 'completions': 0, 'avg_completions': 0.0, 'first_completions': {'count': 0, 'percentage': 0.0}}, {'type': 'plantBomb', 'completions': 0, 'avg_completions': 0.0, 'first_completions': {'count': 0, 'percentage': 0.0}}], 'win_rate': 0.0}]"
4943,"{'series_played': 0, 'games_played': 0}","{'kills': {'total': 0, 'average': 0.0, 'best': 0, 'worst': 0}, 'deaths': {'total': 0, 'average': 0.0, 'worst': 0, 'best': 0}, 'first_kills': {'total': 0, 'percentage': 0.0}, 'damage': {'total': 0, 'average': 0.0, 'max': 0}}","{'wins': {'count': 0, 'percentage': 0, 'current_streak': 0, 'max_streak': 0}}","{'net_worth': {'average': 0, 'max': 0}, 'inventory_value': {'average': 0, 'max': 0}}","[{'type': 'round', 'count': 0, 'combat': {'kills': {'total': 0, 'average': 0.0}, 'deaths': {'total': 0, 'average': 0.0}}, 'objectives': [{'type': 'beginDefuseWithKit', 'completions': 0, 'avg_completions': 0.0, 'first_completions': {'count': 0, 'percentage': 0.0}}, {'type': 'beginDefuseWithoutKit', 'completions': 0, 'avg_completions': 0.0, 'first_completions': {'count': 0, 'percentage': 0.0}}, {'type': 'defuseBomb', 'completions': 0, 'avg_completions': 0.0, 'first_completions': {'count': 0, 'percentage': 0.0}}, {'type': 'explodeBomb', 'completions': 0, 'avg_completions': 0.0, 'first_completions': {'count': 0, 'percentage': 0.0}}, {'type': 'plantBomb', 'completions': 0, 'avg_completions': 0.0, 'first_completions': {'count': 0, 'percentage': 0.0}}], 'win_rate': 0.0}]"
4944,"{'series_played': 0, 'games_played': 0}","{'kills': {'total': 0, 'average': 0.0, 'best': 0, 'worst': 0}, 'deaths': {'total': 0, 'average': 0.0, 'worst': 0, 'best': 0}, 'first_kills': {'total': 0, 'percentage': 0.0}, 'damage': {'total': 0, 'average': 0.0, 'max': 0}}","{'wins': {'count': 0, 'percentage': 0, 'current_streak': 0, 'max_streak': 0}}","{'net_worth': {'average': 0, 'max': 0}, 'inventory_value': {'average': 0, 'max': 0}}","[{'type': 'round', 'count': 0, 'combat': {'kills': {'total': 0, 'average': 0.0}, 'deaths': {'total': 0, 'average': 0.0}}, 'objectives': [{'type': 'beginDefuseWithKit', 'completions': 0, 'avg_completions': 0.0, 'first_completions': {'count': 0, 'percentage': 0.0}}, {'type': 'beginDefuseWithoutKit', 'completions': 0, 'avg_completions': 0.0, 'first_completions': {'count': 0, 'percentage': 0.0}}, {'type': 'defuseBomb', 'completions': 0, 'avg_completions': 0.0, 'first_completions': {'count': 0, 'percentage': 0.0}}, {'type': 'explodeBomb', 'completions': 0, 'avg_completions': 0.0, 'first_completions': {'count': 0, 'percentage': 0.0}}, {'type': 'plantBomb', 'completions': 0, 'avg_completions': 0.0, 'first_completions': {'count': 0, 'percentage': 0.0}}], 'win_rate': 0.0}]"
4945,"{'series_played': 0, 'games_played': 0}","{'kills': {'total': 0, 'average': 0.0, 'best': 0, 'worst': 0}, 'deaths': {'total': 0, 'average': 0.0, 'worst': 0, 'best': 0}, 'first_kills': {'total': 0, 'percentage': 0.0}, 'damage': {'total': 0, 'average': 0.0, 'max': 0}}","{'wins': {'count': 0, 'percentage': 0, 'current_streak': 0, 'max_streak': 0}}","{'net_worth': {'average': 0, 'max': 0}, 'inventory_value': {'average': 0, 'max': 0}}","[{'type': 'round', 'count': 0, 'combat': {'kills': {'total': 0, 'average': 0.0}, 'deaths': {'total': 0, 'average': 0.0}}, 'objectives': [{'type': 'beginDefuseWithKit', 'completions': 0, 'avg_completions': 0.0, 'first_completions': {'count': 0, 'percentage': 0.0}}, {'type': 'beginDefuseWithoutKit', 'completions': 0, 'avg_completions': 0.0, 'first_completions': {'count': 0, 'percentage': 0.0}}, {'type': 'defuseBomb', 'completions': 0, 'avg_completions': 0.0, 'first_completions': {'count': 0, 'percentage': 0.0}}, {'type': 'explodeBomb', 'completions': 0, 'avg_completions': 0.0, 'first_completions': {'count': 0, 'percentage': 0.0}}, {'type': 'plantBomb', 'completions': 0, 'avg_completions': 0.0, 'first_completions': {'count': 0, 'percentage': 0.0}}], 'win_rate': 0.0}]"
4947,"{'series_played': 0, 'games_played': 0}","{'kills': {'total': 0, 'average': 0.0, 'best': 0, 'worst': 0}, 'deaths': {'total': 0, 'average': 0.0, 'worst': 0, 'best': 0}, 'first_kills': {'total': 0, 'percentage': 0.0}, 'damage': {'total': 0, 'average': 0.0, 'max': 0}}","{'wins': {'count': 0, 'percentage': 0, 'current_streak': 0, 'max_streak': 0}}","{'net_worth': {'average': 0, 'max': 0}, 'inventory_value': {'average': 0, 'max': 0}}","[{'type': 'round', 'count': 0, 'combat': {'kills': {'total': 0, 'average': 0.0}, 'deaths': {'total': 0, 'average': 0.0}}, 'objectives': [{'type': 'beginDefuseWithKit', 'completions': 0, 'avg_completions': 0.0, 'first_completions': {'count': 0, 'percentage': 0.0}}, {'type': 'beginDefuseWithoutKit', 'completions': 0, 'avg_completions': 0.0, 'first_completions': {'count': 0, 'percentage': 0.0}}, {'type': 'defuseBomb', 'completions': 0, 'avg_completions': 0.0, 'first_completions': {'count': 0, 'percentage': 0.0}}, {'type': 'explodeBomb', 'completions': 0, 'avg_completions': 0.0, 'first_completions': {'count': 0, 'percentage': 0.0}}, {'type': 'plantBomb', 'completions': 0, 'avg_completions': 0.0, 'first_completions': {'count': 0, 'percentage': 0.0}}], 'win_rate': 0.0}]"
4949,"{'series_played': 0, 'games_played': 0}","{'kills': {'total': 0, 'average': 0.0, 'best': 0, 'worst': 0}, 'deaths': {'total': 0, 'average': 0.0, 'worst': 0, 'best': 0}, 'first_kills': {'total': 0, 'percentage': 0.0}, 'damage': {'total': 0, 'average': 0.0, 'max': 0}}","{'wins': {'count': 0, 'percentage': 0, 'current_streak': 0, 'max_streak': 0}}","{'net_worth': {'average': 0, 'max': 0}, 'inventory_value': {'average': 0, 'max': 0}}","[{'type': 'round', 'count': 0, 'combat': {'kills': {'total': 0, 'average': 0.0}, 'deaths': {'total': 0, 'average': 0.0}}, 'objectives': [{'type': 'beginDefuseWithKit', 'completions': 0, 'avg_completions': 0.0, 'first_completions': {'count': 0, 'percentage': 0.0}}, {'type': 'beginDefuseWithoutKit', 'completions': 0, 'avg_completions': 0.0, 'first_completions': {'count': 0, 'percentage': 0.0}}, {'type': 'defuseBomb', 'completions': 0, 'avg_completions': 0.0, 'first_completions': {'count': 0, 'percentage': 0.0}}, {'type': 'explodeBomb', 'completions': 0, 'avg_completions': 0.0, 'first_completions': {'count': 0, 'percentage': 0.0}}, {'type': 'plantBomb', 'completions': 0, 'avg_completions': 0.0, 'first_completions': {'count': 0, 'percentage': 0.0}}], 'win_rate': 0.0}]"
4960,"{'series_played': 0, 'games_played': 0}","{'kills': {'total': 0, 'average': 0.0, 'best': 0, 'worst': 0}, 'deaths': {'total': 0, 'average': 0.0, 'worst': 0, 'best': 0}, 'first_kills': {'total': 0, 'percentage': 0.0}, 'damage': {'total': 0, 'average': 0.0, 'max': 0}}","{'wins': {'count': 0, 'percentage': 0, 'current_streak': 0, 'max_streak': 0}}","{'net_worth': {'average': 0, 'max': 0}, 'inventory_value': {'average': 0, 'max': 0}}","[{'type': 'round', 'count': 0, 'combat': {'kills': {'total': 0, 'average': 0.0}, 'deaths': {'total': 0, 'average': 0.0}}, 'objectives': [{'type': 'beginDefuseWithKit', 'completions': 0, 'avg_completions': 0.0, 'first_completions': {'count': 0, 'percentage': 0.0}}, {'type': 'beginDefuseWithoutKit', 'completions': 0, 'avg_completions': 0.0, 'first_completions': {'count': 0, 'percentage': 0.0}}, {'type': 'defuseBomb', 'completions': 0, 'avg_completions': 0.0, 'first_completions': {'count': 0, 'percentage': 0.0}}, {'type': 'explodeBomb', 'completions': 0, 'avg_completions': 0.0, 'first_completions': {'count': 0, 'percentage': 0.0}}, {'type': 'plantBomb', 'completions': 0, 'avg_completions': 0.0, 'first_completions': {'count': 0, 'percentage': 0.0}}], 'win_rate': 0.0}]"
4962,"{'series_played': 0, 'games_played': 0}","{'kills': {'total': 0, 'average': 0.0, 'best': 0, 'worst': 0}, 'deaths': {'total': 0, 'average': 0.0, 'worst': 0, 'best': 0}, 'first_kills': {'total': 0, 'percentage': 0.0}, 'damage': {'total': 0, 'average': 0.0, 'max': 0}}","{'wins': {'count': 0, 'percentage': 0, 'current_streak': 0, 'max_streak': 0}}","{'net_worth': {'average': 0, 'max': 0}, 'inventory_value': {'average': 0, 'max': 0}}","[{'type': 'round', 'count': 0, 'combat': {'kills': {'total': 0, 'average': 0.0}, 'deaths': {'total': 0, 'average': 0.0}}, 'objectives': [{'type': 'beginDefuseWithKit', 'completions': 0, 'avg_completions': 0.0, 'first_completions': {'count': 0, 'percentage': 0.0}}, {'type': 'beginDefuseWithoutKit', 'completions': 0, 'avg_completions': 0.0, 'first_completions': {'count': 0, 'percentage': 0.0}}, {'type': 'defuseBomb', 'completions': 0, 'avg_completions': 0.0, 'first_completions': {'count': 0, 'percentage': 0.0}}, {'type': 'explodeBomb', 'completions': 0, 'avg_completions': 0.0, 'first_completions': {'count': 0, 'percentage': 0.0}}, {'type': 'plantBomb', 'completions': 0, 'avg_completions': 0.0, 'first_completions': {'count': 0, 'percentage': 0.0}}], 'win_rate': 0.0}]"
4963,"{'series_played': 0, 'games_played': 0}","{'kills': {'total': 0, 'average': 0.0, 'best': 0, 'worst': 0}, 'deaths': {'total': 0, 'average': 0.0, 'worst': 0, 'best': 0}, 'first_kills': {'total': 0, 'percentage': 0.0}, 'damage': {'total': 0, 'average': 0.0, 'max': 0}}","{'wins': {'count': 0, 'percentage': 0, 'current_streak': 0, 'max_streak': 0}}","{'net_worth': {'average': 0, 'max': 0}, 'inventory_value': {'average': 0, 'max': 0}}","[{'type': 'round', 'count': 0, 'combat': {'kills': {'total': 0, 'average': 0.0}, 'deaths': {'total': 0, 'average': 0.0}}, 'objectives': [{'type': 'beginDefuseWithKit', 'completions': 0, 'avg_completions': 0.0, 'first_completions': {'count': 0, 'percentage': 0.0}}, {'type': 'beginDefuseWithoutKit', 'completions': 0, 'avg_completions': 0.0, 'first_completions': {'count': 0, 'percentage': 0.0}}, {'type': 'defuseBomb', 'completions': 0, 'avg_completions': 0.0, 'first_completions': {'count': 0, 'percentage': 0.0}}, {'type': 'explodeBomb', 'completions': 0, 'avg_completions': 0.0, 'first_completions': {'count': 0, 'percentage': 0.0}}, {'type': 'plantBomb', 'completions': 0, 'avg_completions': 0.0, 'first_completions': {'count': 0, 'percentage': 0.0}}], 'win_rate': 0.0}]"
4965,"{'series_played': 0, 'games_played': 0}","{'kills': {'total': 0, 'average': 0.0, 'best': 0, 'worst': 0}, 'deaths': {'total': 0, 'average': 0.0, 'worst': 0, 'best': 0}, 'first_kills': {'total': 0, 'percentage': 0.0}, 'damage': {'total': 0, 'average': 0.0, 'max': 0}}","{'wins': {'count': 0, 'percentage': 0, 'current_streak': 0, 'max_streak': 0}}","{'net_worth': {'average': 0, 'max': 0}, 'inventory_value': {'average': 0, 'max': 0}}","[{'type': 'round', 'count': 0, 'combat': {'kills': {'total': 0, 'average': 0.0}, 'deaths': {'total': 0, 'average': 0.0}}, 'objectives': [{'type': 'beginDefuseWithKit', 'completions': 0, 'avg_completions': 0.0, 'first_completions': {'count': 0, 'percentage': 0.0}}, {'type': 'beginDefuseWithoutKit', 'completions': 0, 'avg_completions': 0.0, 'first_completions': {'count': 0, 'percentage': 0.0}}, {'type': 'defuseBomb', 'completions': 0, 'avg_completions': 0.0, 'first_completions': {'count': 0, 'percentage': 0.0}}, {'type': 'explodeBomb', 'completions': 0, 'avg_completions': 0.0, 'first_completions': {'count': 0, 'percentage': 0.0}}, {'type': 'plantBomb', 'completions': 0, 'avg_completions': 0.0, 'first_completions': {'count': 0, 'percentage': 0.0}}], 'win_rate': 0.0}]"
4967,"{'series_played': 0, 'games_played': 0}","{'kills': {'total': 0, 'average': 0.0, 'best': 0, 'worst': 0}, 'deaths': {'total': 0, 'average': 0.0, 'worst': 0, 'best': 0}, 'first_kills': {'total': 0, 'percentage': 0.0}, 'damage': {'total': 0, 'average': 0.0, 'max': 0}}","{'wins': {'count': 0, 'percentage': 0, 'current_streak': 0, 'max_streak': 0}}","{'net_worth': {'average': 0, 'max': 0}, 'inventory_value': {'average': 0, 'max': 0}}","[{'type': 'round', 'count': 0, 'combat': {'kills': {'total': 0, 'average': 0.0}, 'deaths': {'total': 0, 'average': 0.0}}, 'objectives': [{'type': 'beginDefuseWithKit', 'completions': 0, 'avg_completions': 0.0, 'first_completions': {'count': 0, 'percentage': 0.0}}, {'type': 'beginDefuseWithoutKit', 'completions': 0, 'avg_completions': 0.0, 'first_completions': {'count': 0, 'percentage': 0.0}}, {'type': 'defuseBomb', 'completions': 0, 'avg_completions': 0.0, 'first_completions': {'count': 0, 'percentage': 0.0}}, {'type': 'explodeBomb', 'completions': 0, 'avg_completions': 0.0, 'first_completions': {'count': 0, 'percentage': 0.0}}, {'type': 'plantBomb', 'completions': 0, 'avg_completions': 0.0, 'first_completions': {'count': 0, 'percentage': 0.0}}], 'win_rate': 0.0}]"
4969,"{'series_played': 0, 'games_played': 0}","{'kills': {'total': 0, 'average': 0.0, 'best': 0, 'worst': 0}, 'deaths': {'total': 0, 'average': 0.0, 'worst': 0, 'best': 0}, 'first_kills': {'total': 0, 'percentage': 0.0}, 'damage': {'total': 0, 'average': 0.0, 'max': 0}}","{'wins': {'count': 0, 'percentage': 0, 'current_streak': 0, 'max_streak': 0}}","{'net_worth': {'average': 0, 'max': 0}, 'inventory_value': {'average': 0, 'max': 0}}","[{'type': 'round', 'count': 0, 'combat': {'kills': {'total': 0, 'average': 0.0}, 'deaths': {'total': 0, 'average': 0.0}}, 'objectives': [{'type': 'beginDefuseWithKit', 'completions': 0, 'avg_completions': 0.0, 'first_completions': {'count': 0, 'percentage': 0.0}}, {'type': 'beginDefuseWithoutKit', 'completions': 0, 'avg_completions': 0.0, 'first_completions': {'count': 0, 'percentage': 0.0}}, {'type': 'defuseBomb', 'completions': 0, 'avg_completions': 0.0, 'first_completions': {'count': 0, 'percentage': 0.0}}, {'type': 'explodeBomb', 'completions': 0, 'avg_completions': 0.0, 'first_completions': {'count': 0, 'percentage': 0.0}}, {'type': 'plantBomb', 'completions': 0, 'avg_completions': 0.0, 'first_completions': {'count': 0, 'percentage': 0.0}}], 'win_rate': 0.0}]"
4971,"{'series_played': 0, 'games_played': 0}","{'kills': {'total': 0, 'average': 0.0, 'best': 0, 'worst': 0}, 'deaths': {'total': 0, 'average': 0.0, 'worst': 0, 'best': 0}, 'first_kills': {'total': 0, 'percentage': 0.0}, 'damage': {'total': 0, 'average': 0.0, 'max': 0}}","{'wins': {'count': 0, 'percentage': 0, 'current_streak': 0, 'max_streak': 0}}","{'net_worth': {'average': 0, 'max': 0}, 'inventory_value': {'average': 0, 'max': 0}}","[{'type': 'round', 'count': 0, 'combat': {'kills': {'total': 0, 'average': 0.0}, 'deaths': {'total': 0, 'average': 0.0}}, 'objectives': [{'type': 'beginDefuseWithKit', 'completions': 0, 'avg_completions': 0.0, 'first_completions': {'count': 0, 'percentage': 0.0}}, {'type': 'beginDefuseWithoutKit', 'completions': 0, 'avg_completions': 0.0, 'first_completions': {'count': 0, 'percentage': 0.0}}, {'type': 'defuseBomb', 'completions': 0, 'avg_completions': 0.0, 'first_completions': {'count': 0, 'percentage': 0.0}}, {'type': 'explodeBomb', 'completions': 0, 'avg_completions': 0.0, 'first_completions': {'count': 0, 'percentage': 0.0}}, {'type': 'plantBomb', 'completions': 0, 'avg_completions': 0.0, 'first_completions': {'count': 0, 'percentage': 0.0}}], 'win_rate': 0.0}]"
4981,"{'series_played': 0, 'games_played': 0}","{'kills': {'total': 0, 'average': 0.0, 'best': 0, 'worst': 0}, 'deaths': {'total': 0, 'average': 0.0, 'worst': 0, 'best': 0}, 'first_kills': {'total': 0, 'percentage': 0.0}, 'damage': {'total': 0, 'average': 0.0, 'max': 0}}","{'wins': {'count': 0, 'percentage': 0, 'current_streak': 0, 'max_streak': 0}}","{'net_worth': {'average': 0, 'max': 0}, 'inventory_value': {'average': 0, 'max': 0}}","[{'type': 'round', 'count': 0, 'combat': {'kills': {'total': 0, 'average': 0.0}, 'deaths': {'total': 0, 'average': 0.0}}, 'objectives': [{'type': 'beginDefuseWithKit', 'completions': 0, 'avg_completions': 0.0, 'first_completions': {'count': 0, 'percentage': 0.0}}, {'type': 'beginDefuseWithoutKit', 'completions': 0, 'avg_completions': 0.0, 'first_completions': {'count': 0, 'percentage': 0.0}}, {'type': 'defuseBomb', 'completions': 0, 'avg_completions': 0.0, 'first_completions': {'count': 0, 'percentage': 0.0}}, {'type': 'explodeBomb', 'completions': 0, 'avg_completions': 0.0, 'first_completions': {'count': 0, 'percentage': 0.0}}, {'type': 'plantBomb', 'completions': 0, 'avg_completions': 0.0, 'first_completions': {'count': 0, 'percentage': 0.0}}], 'win_rate': 0.0}]"
4983,"{'series_played': 0, 'games_played': 0}","{'kills': {'total': 0, 'average': 0.0, 'best': 0, 'worst': 0}, 'deaths': {'total': 0, 'average': 0.0, 'worst': 0, 'best': 0}, 'first_kills': {'total': 0, 'percentage': 0.0}, 'damage': {'total': 0, 'average': 0.0, 'max': 0}}","{'wins': {'count': 0, 'percentage': 0, 'current_streak': 0, 'max_streak': 0}}","{'net_worth': {'average': 0, 'max': 0}, 'inventory_value': {'average': 0, 'max': 0}}","[{'type': 'round', 'count': 0, 'combat': {'kills': {'total': 0, 'average': 0.0}, 'deaths': {'total': 0, 'average': 0.0}}, 'objectives': [{'type': 'beginDefuseWithKit', 'completions': 0, 'avg_completions': 0.0, 'first_completions': {'count': 0, 'percentage': 0.0}}, {'type': 'beginDefuseWithoutKit', 'completions': 0, 'avg_completions': 0.0, 'first_completions': {'count': 0, 'percentage': 0.0}}, {'type': 'defuseBomb', 'completions': 0, 'avg_completions': 0.0, 'first_completions': {'count': 0, 'percentage': 0.0}}, {'type': 'explodeBomb', 'completions': 0, 'avg_completions': 0.0, 'first_completions': {'count': 0, 'percentage': 0.0}}, {'type': 'plantBomb', 'completions': 0, 'avg_completions': 0.0, 'first_completions': {'count': 0, 'percentage': 0.0}}], 'win_rate': 0.0}]"
4986,"{'series_played': 0, 'games_played': 0}","{'kills': {'total': 0, 'average': 0.0, 'best': 0, 'worst': 0}, 'deaths': {'total': 0, 'average': 0.0, 'worst': 0, 'best': 0}, 'first_kills': {'total': 0, 'percentage': 0.0}, 'damage': {'total': 0, 'average': 0.0, 'max': 0}}","{'wins': {'count': 0, 'percentage': 0, 'current_streak': 0, 'max_streak': 0}}","{'net_worth': {'average': 0, 'max': 0}, 'inventory_value': {'average': 0, 'max': 0}}","[{'type': 'round', 'count': 0, 'combat': {'kills': {'total': 0, 'average': 0.0}, 'deaths': {'total': 0, 'average': 0.0}}, 'objectives': [{'type': 'beginDefuseWithKit', 'completions': 0, 'avg_completions': 0.0, 'first_completions': {'count': 0, 'percentage': 0.0}}, {'type': 'beginDefuseWithoutKit', 'completions': 0, 'avg_completions': 0.0, 'first_completions': {'count': 0, 'percentage': 0.0}}, {'type': 'defuseBomb', 'completions': 0, 'avg_completions': 0.0, 'first_completions': {'count': 0, 'percentage': 0.0}}, {'type': 'explodeBomb', 'completions': 0, 'avg_completions': 0.0, 'first_completions': {'count': 0, 'percentage': 0.0}}, {'type': 'plantBomb', 'completions': 0, 'avg_completions': 0.0, 'first_completions': {'count': 0, 'percentage': 0.0}}], 'win_rate': 0.0}]"
4987,"{'series_played': 0, 'games_played': 0}","{'kills': {'total': 0, 'average': 0.0, 'best': 0, 'worst': 0}, 'deaths': {'total': 0, 'average': 0.0, 'worst': 0, 'best': 0}, 'first_kills': {'total': 0, 'percentage': 0.0}, 'damage': {'total': 0, 'average': 0.0, 'max': 0}}","{'wins': {'count': 0, 'percentage': 0, 'current_streak': 0, 'max_streak': 0}}","{'net_worth': {'average': 0, 'max': 0}, 'inventory_value': {'average': 0, 'max': 0}}","[{'type': 'round', 'count': 0, 'combat': {'kills': {'total': 0, 'average': 0.0}, 'deaths': {'total': 0, 'average': 0.0}}, 'objectives': [{'type': 'beginDefuseWithKit', 'completions': 0, 'avg_completions': 0.0, 'first_completions': {'count': 0, 'percentage': 0.0}}, {'type': 'beginDefuseWithoutKit', 'completions': 0, 'avg_completions': 0.0, 'first_completions': {'count': 0, 'percentage': 0.0}}, {'type': 'defuseBomb', 'completions': 0, 'avg_completions': 0.0, 'first_completions': {'count': 0, 'percentage': 0.0}}, {'type': 'explodeBomb', 'completions': 0, 'avg_completions': 0.0, 'first_completions': {'count': 0, 'percentage': 0.0}}, {'type': 'plantBomb', 'completions': 0, 'avg_completions': 0.0, 'first_completions': {'count': 0, 'percentage': 0.0}}], 'win_rate': 0.0}]"
4988,"{'series_played': 0, 'games_played': 0}","{'kills': {'total': 0, 'average': 0.0, 'best': 0, 'worst': 0}, 'deaths': {'total': 0, 'average': 0.0, 'worst': 0, 'best': 0}, 'first_kills': {'total': 0, 'percentage': 0.0}, 'damage': {'total': 0, 'average': 0.0, 'max': 0}}","{'wins': {'count': 0, 'percentage': 0, 'current_streak': 0, 'max_streak': 0}}","{'net_worth': {'average': 0, 'max': 0}, 'inventory_value': {'average': 0, 'max': 0}}","[{'type': 'round', 'count': 0, 'combat': {'kills': {'total': 0, 'average': 0.0}, 'deaths': {'total': 0, 'average': 0.0}}, 'objectives': [{'type': 'beginDefuseWithKit', 'completions': 0, 'avg_completions': 0.0, 'first_completions': {'count': 0, 'percentage': 0.0}}, {'type': 'beginDefuseWithoutKit', 'completions': 0, 'avg_completions': 0.0, 'first_completions': {'count': 0, 'percentage': 0.0}}, {'type': 'defuseBomb', 'completions': 0, 'avg_completions': 0.0, 'first_completions': {'count': 0, 'percentage': 0.0}}, {'type': 'explodeBomb', 'completions': 0, 'avg_completions': 0.0, 'first_completions': {'count': 0, 'percentage': 0.0}}, {'type': 'plantBomb', 'completions': 0, 'avg_completions': 0.0, 'first_completions': {'count': 0, 'percentage': 0.0}}], 'win_rate': 0.0}]"
5005,"{'series_played': 0, 'games_played': 0}","{'kills': {'total': 0, 'average': 0.0, 'best': 0, 'worst': 0}, 'deaths': {'total': 0, 'average': 0.0, 'worst': 0, 'best': 0}, 'first_kills': {'total': 0, 'percentage': 0.0}, 'damage': {'total': 0, 'average': 0.0, 'max': 0}}","{'wins': {'count': 0, 'percentage': 0, 'current_streak': 0, 'max_streak': 0}}","{'net_worth': {'average': 0, 'max': 0}, 'inventory_value': {'average': 0, 'max': 0}}","[{'type': 'round', 'count': 0, 'combat': {'kills': {'total': 0, 'average': 0.0}, 'deaths': {'total': 0, 'average': 0.0}}, 'objectives': [{'type': 'beginDefuseWithKit', 'completions': 0, 'avg_completions': 0.0, 'first_completions': {'count': 0, 'percentage': 0.0}}, {'type': 'beginDefuseWithoutKit', 'completions': 0, 'avg_completions': 0.0, 'first_completions': {'count': 0, 'percentage': 0.0}}, {'type': 'defuseBomb', 'completions': 0, 'avg_completions': 0.0, 'first_completions': {'count': 0, 'percentage': 0.0}}, {'type': 'explodeBomb', 'completions': 0, 'avg_completions': 0.0, 'first_completions': {'count': 0, 'percentage': 0.0}}, {'type': 'plantBomb', 'completions': 0, 'avg_completions': 0.0, 'first_completions': {'count': 0, 'percentage': 0.0}}], 'win_rate': 0.0}]"
