id,nickname,title,team_id,team_name,private
18932,AG Nuke,Counter Strike 2,52314,CS2-1,False
18933,BadjoSP,Counter Strike 2,52314,CS2-1,False
18934,wunder,Counter Strike 2,52314,CS2-1,False
18935,Bulletito,Counter Strike 2,52315,CS2-2,False
18936,AGmurdercore,Counter Strike 2,52315,CS2-2,False
18937,Hello 21,Counter Strike 2,52314,CS2-1,False
18938,perrch,Counter Strike 2,52315,CS2-2,False
19268,Hoggi`,Counter Strike 2,,,False
19270,Dktruman - Twitch,Counter Strike 2,,,False
19272,I miss her...,Counter Strike 2,,,False
19274,Furpants,Counter Strike 2,,,False
19276,xV1nc3e,Counter Strike 2,,,False
19339,Penguino,Counter Strike 2,,,False
19340,Bobis ♥V,Counter Strike 2,,,False
19341,daejv ツ,Counter Strike 2,,,False
19342,milo155,Counter Strike 2,,,False
19343,veriol,Counter Strike 2,,,False
19355,f0,Counter Strike 2,52355,Grid test 2,False
19356,BulStreamObserver2,Counter Strike 2,50070,Grid test 1,False
19537,jambo.,Counter Strike 2,52356,Passion UA,False
19538,marat2k 風速,Counter Strike 2,52133,L&G,False
19539,s-chilla,Counter Strike 2,52356,Passion UA,False
19540,jackasmo,Counter Strike 2,52356,Passion UA,False
19541,zeRRoFIX,Counter Strike 2,52356,Passion UA,False
19549,2high,Counter Strike 2,49502,ENCE Academy,False
43856,chawzyyy,Counter Strike 2,53618,Johnny Speeds,False
43890,arvid,Counter Strike 2,53713,HEIMO,False
43891,ykis,Counter Strike 2,53713,HEIMO,False
43892,japE,Counter Strike 2,53713,HEIMO,False
43893,welho,Counter Strike 2,53713,HEIMO,False
43930,goldfer,Counter Strike 2,51651,Gameinside,False
43938,k1ndoff,Counter Strike 2,51657,REMBAZA,False
43952,Griller,Counter Strike 2,52160,Preasy Esports,False
44232,esenthial,Counter Strike 2,51885,B8,False
44252,Summer,Counter Strike 2,51103,Rare Atom,False
44257,R1sk,Counter Strike 2,51103,Rare Atom,False
44689,dwushka,Counter Strike 2,52247,Cybershoke,False
44690,KusMe,Counter Strike 2,49805,VP.Prodigy,False
44692,Something,Counter Strike 2,53677,RUBY,False
44700,eightz999,Counter Strike 2,53619,Leon,False
44701,w1sely,Counter Strike 2,53619,Leon,False
45529,㉑ LUCAS1,Counter Strike 2,50080,O PLANO,False
46343,BøghmagiC,Counter Strike 2,52160,Preasy Esports,False
46345,Vigg0,Counter Strike 2,53692,Copenhagen Wolves,False
46351,Noruyp,Counter Strike 2,49997,MASONIC,False
46353,Botman,Counter Strike 2,49997,MASONIC,False
46356,Falk,Counter Strike 2,49997,MASONIC,False
46518,p12,Counter Strike 2,52275,RoundsGG,False
46522,Kollo,Counter Strike 2,52275,RoundsGG,False
46524,Monoxx,Counter Strike 2,52275,RoundsGG,False
46834,hagmeister,Counter Strike 2,50020,777,False
46836,Affava,Counter Strike 2,50020,777,False
46838,MadeInRed,Counter Strike 2,50020,777,False
46840,Viktha,Counter Strike 2,50020,777,False
46842,wenba,Counter Strike 2,50020,777,False
48296,prisma21,Counter Strike 2,54157,Galorys Academy,False
49997,T3mpty,Counter Strike 2,51657,REMBAZA,False
50406,ms,Counter Strike 2,53706,NeverPlay,False
50410,arki,Counter Strike 2,54010,Turritos,False
50412,NaOw,Counter Strike 2,54127,CarritoSpain,False
50414,ZaCkETiZOR,Counter Strike 2,53756,TGD Pro,False
50416,ar4gN,Counter Strike 2,54127,CarritoSpain,False
50417,Joey,Counter Strike 2,53756,TGD Pro,False
50697,FTKFenix,Counter Strike 2,53757,Mixzada,False
50699,Ftu,Counter Strike 2,53757,Mixzada,False
50700,goncoff,Counter Strike 2,53757,Mixzada,False
50702,denkje,Counter Strike 2,53757,Mixzada,False
50704,Virgolino,Counter Strike 2,53757,Mixzada,False
50708,trips,Counter Strike 2,51015,SAW Youngsters,False
51611,brA+,Counter Strike 2,51504,GTZ.ESPORTS,False
51613,M1KA,Counter Strike 2,54067,Impulse GW,False
51615,c0mplex,Counter Strike 2,51771,Agency Clan,False
51617,MattyMyimb,Counter Strike 2,51541,EXSAD Gaming,False
51619,Jayy2s,Counter Strike 2,51541,EXSAD Gaming,False
53694,stavn,Counter Strike 2,49528,Astralis,False
54044,RUSH,Counter Strike 2,51290,Nouns,False
55313,dziugss,Counter Strike 2,53084,Navi Junior,False
55459,Rand,Counter Strike 2,51592,The Prodigies,False
55463,Schwarz,Counter Strike 2,49502,ENCE Academy,False
55953,laxiee,Counter Strike 2,53106,Akimbo,False
55955,N2o,Counter Strike 2,53106,Akimbo,False
55957,calamity,Counter Strike 2,53913,Jahsdnmasjdm,False
55959,obi,Counter Strike 2,53106,Akimbo,False
56297,dekz,Counter Strike 2,53677,RUBY,False
56298,mo0N,Counter Strike 2,53677,RUBY,False
56300,Kaide,Counter Strike 2,53677,RUBY,False
56302,Sowalio,Counter Strike 2,53677,RUBY,False
56848,puigzinn,Counter Strike 2,54067,Impulse GW,False
56853,Horsalo,Counter Strike 2,54067,Impulse GW,False
56855,G0NG,Counter Strike 2,51771,Agency Clan,False
59070,henky,Counter Strike 2,53752,Veni Vidi Vici,False
59072,teCkoO,Counter Strike 2,53752,Veni Vidi Vici,False
59074,creZe,Counter Strike 2,53752,Veni Vidi Vici,False
59078,Tusi,Counter Strike 2,51881,AVEZ,False
59242,Nyyx,Counter Strike 2,51484,LAG,False
59244,Experative,Counter Strike 2,51484,LAG,False
59246,based,Counter Strike 2,51484,LAG,False
59250,ogwizard,Counter Strike 2,49621,Party Astronauts,False
60343,Tree60,Counter Strike 2,53085,GL Academy,False
62219,Rezzed,Counter Strike 2,51895,Reason,False
62221,FincHY,Counter Strike 2,51895,Reason,False
62223,cJe,Counter Strike 2,51895,Reason,False
62225,Cha0s,Counter Strike 2,51895,Reason,False
63719,Fawx,Counter Strike 2,53789,Limitless Angels,False
63721,erin,Counter Strike 2,53789,Limitless Angels,False
63723,Celia,Counter Strike 2,53789,Limitless Angels,False
63725,mira,Counter Strike 2,53789,Limitless Angels,False
63726,bungee,Counter Strike 2,53789,Limitless Angels,False
63732,Emy,Counter Strike 2,53538,Revel,False
63772,phoebe,Counter Strike 2,51765,shimmer,False
63776,EMUHLEET,Counter Strike 2,52285,Karma,False
63778,artStar,Counter Strike 2,52285,Karma,False
63779,rain,Counter Strike 2,52285,Karma,False
63781,Ellie,Counter Strike 2,52285,Karma,False
63783,olya,Counter Strike 2,52285,Karma,False
64397,suma,Counter Strike 2,49975,Astralis Talent,False
64403,sSen,Counter Strike 2,49975,Astralis Talent,False
64746,VILBy,Counter Strike 2,52068,Aurora YB,False
64748,gr1ks,Counter Strike 2,52068,Aurora YB,False
64760,forkyz,Counter Strike 2,53677,RUBY,False
64764,tasman,Counter Strike 2,53677,RUBY,False
65064,m1QUSE,Counter Strike 2,52068,Aurora YB,False
65199,⑳ lcs,Counter Strike 2,53446,Últimos Romanticos,False
65207,㉑ JNC,Counter Strike 2,53830,JOGA DE TERNO,False
65215,lezy,Counter Strike 2,50948,9z Academy,False
65555,RoDfps_,Counter Strike 2,53794,Full House Gaming,False
65556,shun7,Counter Strike 2,53794,Full House Gaming,False
65558,Lekzi,Counter Strike 2,54155,Bestia Academy,False
65560,★ ⑳ balencyy,Counter Strike 2,53830,JOGA DE TERNO,False
65829,Emil1aQAQ,Counter Strike 2,49575,Lynn Vision,False
66066,Senzu,Counter Strike 2,51177,The MongolZ,False
67467,hampus,Counter Strike 2,53618,Johnny Speeds,False
67475,Zilkenberg,Counter Strike 2,53767,Chinggis Warriors,False
67483,starDUST,Counter Strike 2,53767,Chinggis Warriors,False
67622,dobu,Counter Strike 2,52149,ATOX,False
67628,MiQ,Counter Strike 2,52149,ATOX,False
67630,zestaa,Counter Strike 2,52149,ATOX,False
67963,notineki,Counter Strike 2,52247,Cybershoke,False
67967,kelieN,Counter Strike 2,51542,INSILIO,False
68240,hfah,Counter Strike 2,54079,Haspers Team,False
68242,yuki,Counter Strike 2,53937,Team Next Level,False
68483,qzr,Counter Strike 2,50020,777,False
71459,splaw1k,Counter Strike 2,51986,Illuminar gaming,False
72036,Guiko,Counter Strike 2,53706,NeverPlay,False
72038,Passinhas,Counter Strike 2,53706,NeverPlay,False
72040,kabul,Counter Strike 2,51771,Agency Clan,False
72042,Rafity999,Counter Strike 2,53706,NeverPlay,False
72044,Mané,Counter Strike 2,54067,Impulse GW,False
72222,sprayxd,Counter Strike 2,49960,Young Ninjas,False
72246,pkr,Counter Strike 2,53811,Kings da Pegada,False
72248,AntGuerra,Counter Strike 2,53811,Kings da Pegada,False
72250,hK,Counter Strike 2,50933,Rhyno Esports,False
72252,FR9,Counter Strike 2,53811,Kings da Pegada,False
72254,DpZz,Counter Strike 2,53811,Kings da Pegada,False
72596,1203456789abcd,Counter Strike 2,49575,Lynn Vision,False
72598,MESA,Counter Strike 2,49575,Lynn Vision,False
72600,SH!ro.,Counter Strike 2,49575,Lynn Vision,False
72602,CDR,Counter Strike 2,49575,Lynn Vision,False
72608,Enel,Counter Strike 2,52149,ATOX,False
72610,zakder,Counter Strike 2,52149,ATOX,False
72738,brain,Counter Strike 2,50074,AURORA,False
72956,SpavaQu,Counter Strike 2,51986,Illuminar gaming,False
72999,dex,Counter Strike 2,51318,Eyeballers,False
74811,-_Chudy,Counter Strike 2,51930,Anonymo,False
75216,Strope,Counter Strike 2,50020,777,False
75881,EspiranTo,Counter Strike 2,54119,Ex-9INE Academy,False
76724,Mer,Counter Strike 2,53813,Asian Kings,False
76725,Edbooo,Counter Strike 2,53813,Asian Kings,False
76727,Akbeast,Counter Strike 2,53813,Asian Kings,False
76729,Tar1us,Counter Strike 2,53813,Asian Kings,False
76967,Halen,Counter Strike 2,50835,Detonate,False
76968,rayxts,Counter Strike 2,51484,LAG,False
76970,abp,Counter Strike 2,53106,Akimbo,False
76972,weeza,Counter Strike 2,51484,LAG,False
76974,alula,Counter Strike 2,53106,Akimbo,False
77194,betinho,Counter Strike 2,53069,Case,False
77291,hyza,Counter Strike 2,53998,Lore,False
77297,brax,Counter Strike 2,53812,Vibe,False
77299,Adrenaline,Counter Strike 2,53812,Vibe,False
77303,Skadoodle,Counter Strike 2,53812,Vibe,False
78222,Mak,Counter Strike 2,53815,Lost Recognition,False
78224,bezymecc,Counter Strike 2,52061,FLUFFY AIMERS,False
78226,h0nest,Counter Strike 2,53815,Lost Recognition,False
78228,nico1ajus,Counter Strike 2,53815,Lost Recognition,False
78229,FxRE,Counter Strike 2,53817,Final Form,False
78231,CoolComs,Counter Strike 2,53817,Final Form,False
78233,Fruitcupx,Counter Strike 2,53033,BOSS,False
78235,JoSoo,Counter Strike 2,51443,Snakes Den,False
78237,[OFICIAL] ⑳ drop,Counter Strike 2,51813,MIBR,False
78470,Gabie,Counter Strike 2,51551,Homyno,False
78472,Melio,Counter Strike 2,51551,Homyno,False
78634,ptr,Counter Strike 2,53818,Retirement Home,False
78641,JoJo,Counter Strike 2,53998,Lore,False
78667,raW--,Counter Strike 2,54128,SweetBonanzers,False
78669,Prs,Counter Strike 2,53817,Final Form,False
78671,mcniff,Counter Strike 2,53817,Final Form,False
78675,slump,Counter Strike 2,52061,FLUFFY AIMERS,False
80615,taggy,Counter Strike 2,53106,Akimbo,False
80659,SGM,Counter Strike 2,53814,Perseverance,False
80687,n0thing,Counter Strike 2,53812,Vibe,False
82553,Mellow,Counter Strike 2,51434,Limitless,False
85319,H4SAN4TOR,Counter Strike 2,52222,Team Space,False
85768,tmk,Counter Strike 2,52192,OMiT,False
86827,stanf1x,Counter Strike 2,53999,Dangerous,False
86828,TERMINA,Counter Strike 2,53815,Lost Recognition,False
87888,waterfaLLZ,Counter Strike 2,52222,Team Space,False
88945,Nivera,Counter Strike 2,52244,Revenant,False
88982,krAGHHHH,Counter Strike 2,53693,WOPA Esport,False
89549,prn,Counter Strike 2,53826,ADEPTS,False
89551,cHeuuuuk',Counter Strike 2,53826,ADEPTS,False
89553,Oxbrandd,Counter Strike 2,53826,ADEPTS,False
89555,Chucky,Counter Strike 2,53826,ADEPTS,False
89557,Tarkky,Counter Strike 2,53826,ADEPTS,False
90041,LethJ,Counter Strike 2,49997,MASONIC,False
91262,h1ghnesS,Counter Strike 2,53827,Fluffy Gangsters,False
91264,Djon8,Counter Strike 2,53827,Fluffy Gangsters,False
91268,takanashi,Counter Strike 2,53827,Fluffy Gangsters,False
92600,skcH,Counter Strike 2,53501,ROSOMAHA Team,False
92602,3ippoch,Counter Strike 2,53501,ROSOMAHA Team,False
92603,maggent,Counter Strike 2,53501,ROSOMAHA Team,False
92607,Dengzoe,Counter Strike 2,53825,XI,False
92609,Scr0b,Counter Strike 2,53825,XI,False
92612,foam,Counter Strike 2,53825,XI,False
93359,Bambosh,Counter Strike 2,53668,9INE Academy,False
97284,kln,Counter Strike 2,54160,2070,False
97735,baccseven,Counter Strike 2,54157,Galorys Academy,False
97739,✓ ★ ㉑ Tineu,Counter Strike 2,51734,Sharks Youngsters,False
98457,tau7,Counter Strike 2,52160,Preasy Esports,False
98611,futoi,Counter Strike 2,51734,Sharks Youngsters,False
98697,★ ⑳ F4QQ,Counter Strike 2,53917,APUROESKBIO,False
100607,wfn,Counter Strike 2,53689,EXO,False
101305,karmazynsz,Counter Strike 2,52201,lajtbitexe,False
101762,nemmy,Counter Strike 2,53842,weplay4hugs,False
101764,Poind3xt3r,Counter Strike 2,53842,weplay4hugs,False
101766,klpTOMAHAWK,Counter Strike 2,53842,weplay4hugs,False
101768,ChimmyBimmy,Counter Strike 2,53842,weplay4hugs,False
101770,ares,Counter Strike 2,53842,weplay4hugs,False
101792,Treehen,Counter Strike 2,54125,Leftovers,False
101794,j3nni,Counter Strike 2,49504,TBD-1,False
101796,jms,Counter Strike 2,49504,TBD-1,False
101798,Fearlessbeatle,Counter Strike 2,54125,Leftovers,False
101800,colin,Counter Strike 2,53986,Kunai,False
101802,ZorF,Counter Strike 2,53852,Bikini Bottem Boys,False
101808,Parjerr,Counter Strike 2,53852,Bikini Bottem Boys,False
101927,spud,Counter Strike 2,53700,Novum,False
101930,navy,Counter Strike 2,53843,awesome gamers,False
101934,Squeet,Counter Strike 2,53698,Amped Red,False
101935,Hollo,Counter Strike 2,54121,Planet Express,False
101937,Orb1t,Counter Strike 2,54111,Fisher Tsunami,False
101938,Sharpie,Counter Strike 2,53698,Amped Red,False
101940,Zhenn,Counter Strike 2,54121,Planet Express,False
101975,FRIZZY,Counter Strike 2,53848,After Hours,False
101977,Redman,Counter Strike 2,53848,After Hours,False
101979,Roar,Counter Strike 2,53848,After Hours,False
101981,Icarus,Counter Strike 2,52101,GTZ Esports,False
101982,Freaky,Counter Strike 2,53848,After Hours,False
101983,BurneyProMod,Counter Strike 2,53847,Evil Space Wizards,False
101985,Vitalz,Counter Strike 2,53847,Evil Space Wizards,False
101987,mythii,Counter Strike 2,53847,Evil Space Wizards,False
101989,glxy,Counter Strike 2,53412,ENIGMA,False
101991,Tiski,Counter Strike 2,53412,ENIGMA,False
102016,lambchoppington 3,Counter Strike 2,54107,Alter Iron Club,False
102024,misha,Counter Strike 2,54107,Alter Iron Club,False
102026,yoda,Counter Strike 2,53851,Parkers Money Crew,False
102030,praze,Counter Strike 2,53851,Parkers Money Crew,False
102032,Laxufy,Counter Strike 2,53851,Parkers Money Crew,False
102034,pianoman,Counter Strike 2,53851,Parkers Money Crew,False
102450,GHOST,Counter Strike 2,53845,Wave Esports,False
102452,XCR_,Counter Strike 2,53845,Wave Esports,False
102454,sjN,Counter Strike 2,53845,Wave Esports,False
102456,Spexy,Counter Strike 2,53845,Wave Esports,False
102458,syncD,Counter Strike 2,53845,Wave Esports,False
102564,KennyTexas,Counter Strike 2,53844,atomic,False
102565,DanielSw0w,Counter Strike 2,53844,atomic,False
102566,Kranoli,Counter Strike 2,53844,atomic,False
102567,Reverbzzz,Counter Strike 2,53844,atomic,False
102568,Sc0rch,Counter Strike 2,53844,atomic,False
102615,zeep,Counter Strike 2,53522,WICKED,False
102616,Loagurt,Counter Strike 2,53522,WICKED,False
102620,Luke4k,Counter Strike 2,53932,Team Aether,False
102653,gaijin,Counter Strike 2,51746,Zomblers LLC,False
102655,JAX,Counter Strike 2,51746,Zomblers LLC,False
102656,cKg,Counter Strike 2,51746,Zomblers LLC,False
102658,s3rum,Counter Strike 2,51746,Zomblers LLC,False
102660,pr1metapz,Counter Strike 2,53896,BC.Game Esports,False
103080,Bigun,Counter Strike 2,53846,The Last Resort,False
103082,Fizzy,Counter Strike 2,53846,The Last Resort,False
103085,Cher1on,Counter Strike 2,53846,The Last Resort,False
103298,realzen,Counter Strike 2,49731,Team Brute,False
106836,godicekk-_-,Counter Strike 2,53846,The Last Resort,False
106838,patrenzo,Counter Strike 2,49731,Team Brute,False
106844,Vonex,Counter Strike 2,53846,The Last Resort,False
108591,OneUn1que,Counter Strike 2,52133,L&G,False
109996,L00m1,Counter Strike 2,51692,Metizport,False
110866,NBK,Counter Strike 2,52244,Revenant,False
110868,HS,Counter Strike 2,52244,Revenant,False
110870,reiko,Counter Strike 2,52244,Revenant,False
110872,adeX,Counter Strike 2,52244,Revenant,False
110876,zed1x,Counter Strike 2,51652,Seight,False
110878,faLcOn,Counter Strike 2,51651,Gameinside,False
110880,Kleepok,Counter Strike 2,51651,Gameinside,False
110882,Shleper,Counter Strike 2,51651,Gameinside,False
110884,noeN,Counter Strike 2,51652,Seight,False
110885,myata,Counter Strike 2,51658,NightRaid,False
110887,yakut,Counter Strike 2,51659,Purple Haze,False
110889,ZLOBAAAAAAAA,Counter Strike 2,51652,Seight,False
110891,sashqua,Counter Strike 2,51652,Seight,False
110893,Rhys,Counter Strike 2,53846,The Last Resort,False
110895,MMS,Counter Strike 2,51403,K10,False
110897,Frontsiderr,Counter Strike 2,54068,DevilsOne,False
110899,-ZEMO,Counter Strike 2,54068,DevilsOne,False
110901,PeTeRoOo,Counter Strike 2,54068,DevilsOne,False
110903,suonko,Counter Strike 2,54068,DevilsOne,False
110905,Pelle,Counter Strike 2,52201,lajtbitexe,False
110926,rem1x,Counter Strike 2,53712,Vikings KR,False
110928,realz1n,Counter Strike 2,53712,Vikings KR,False
110930,zmb,Counter Strike 2,53712,Vikings KR,False
110932,ksloks,Counter Strike 2,52023,ODDIK,False
110934,honda,Counter Strike 2,53712,Vikings KR,False
110936,shoowtime,Counter Strike 2,52238,Bounty Hunters,False
110938,Reix,Counter Strike 2,52238,Bounty Hunters,False
110940,KAISERzy,Counter Strike 2,52238,Bounty Hunters,False
110942,bnc77,Counter Strike 2,52238,Bounty Hunters,False
110944,piriajr,Counter Strike 2,51311,Fluxo,False
110954,yaph,Counter Strike 2,51657,REMBAZA,False
110956,dera,Counter Strike 2,51652,Seight,False
110958,PARKER,Counter Strike 2,51658,NightRaid,False
110960,Sul9n,Counter Strike 2,51658,NightRaid,False
110962,soNdarryll,Counter Strike 2,51651,Gameinside,False
110964,L1keRuch,Counter Strike 2,51657,REMBAZA,False
110966,M1rage0,Counter Strike 2,51658,NightRaid,False
110968,w0of1e,Counter Strike 2,51657,REMBAZA,False
110970,TeeZZ,Counter Strike 2,51659,Purple Haze,False
110972,mav1k,Counter Strike 2,51659,Purple Haze,False
110974,bodyaooo,Counter Strike 2,51659,Purple Haze,False
110976,DK,Counter Strike 2,51657,REMBAZA,False
110978,Tymoshevskiy,Counter Strike 2,51659,Purple Haze,False
110980,heikkoL,Counter Strike 2,49731,Team Brute,False
110982,m0nsterr.,Counter Strike 2,49731,Team Brute,False
110984,w4rdeNN,Counter Strike 2,49731,Team Brute,False
110986,amster,Counter Strike 2,53967,kONO,False
110988,byr9,Counter Strike 2,53967,kONO,False
110990,s4ltovsk1yy,Counter Strike 2,53967,kONO,False
110992,Polbandana,Counter Strike 2,53967,kONO,False
110994,;KENSIZOr,Counter Strike 2,53967,kONO,False
111007,SLY,Counter Strike 2,50020,777,False
111009,bobeksde,Counter Strike 2,53618,Johnny Speeds,False
111011,Ro1f,Counter Strike 2,53618,Johnny Speeds,False
111013,spooke,Counter Strike 2,53618,Johnny Speeds,False
111015,draken,Counter Strike 2,53618,Johnny Speeds,False
111023,iDk,Counter Strike 2,53710,inSanitY Sports,False
111025,⑳ shz-_-,Counter Strike 2,53710,inSanitY Sports,False
111027,cass1n,Counter Strike 2,53710,inSanitY Sports,False
111029,pesadelo ;),Counter Strike 2,53710,inSanitY Sports,False
111030,f4stzin,Counter Strike 2,53710,inSanitY Sports,False
111077,Flicky,Counter Strike 2,53846,The Last Resort,False
111107,SiKO,Counter Strike 2,49731,Team Brute,False
111146,lauNX,Counter Strike 2,52244,Revenant,False
111170,lenci,Counter Strike 2,53919,LA CHAMPIONS LIGA,False
111172,reversive,Counter Strike 2,53711,KRU Esports,False
111174,atarax1a,Counter Strike 2,53711,KRU Esports,False
111176,laser,Counter Strike 2,53711,KRU Esports,False
111178,righi,Counter Strike 2,53711,KRU Esports,False
111180,GYZER,Counter Strike 2,50113,FURIA Academy,False
111182,mello,Counter Strike 2,54148,Game Hunters,False
111184,souz4h,Counter Strike 2,50113,FURIA Academy,False
111186,Jotag3,Counter Strike 2,50113,FURIA Academy,False
111188,max,Counter Strike 2,51864,9z Team,False
111193,⑳ JLK,Counter Strike 2,51146,MIBR Academy,False
111195,★ ⑳ bobz,Counter Strike 2,51146,MIBR Academy,False
111197,Markz,Counter Strike 2,51588,paiN Academy,False
111199,mlhzin,Counter Strike 2,51146,MIBR Academy,False
111201,brn$,Counter Strike 2,51146,MIBR Academy,False
111203,lukiz,Counter Strike 2,53712,Vikings KR,False
111238,matios,Counter Strike 2,52023,ODDIK,False
111240,WOOD7,Counter Strike 2,52023,ODDIK,False
111242,naitte,Counter Strike 2,52023,ODDIK,False
111244,togs,Counter Strike 2,52023,ODDIK,False
111246,fokiu,Counter Strike 2,52190,W7M,False
111248,t9rnay,Counter Strike 2,52190,W7M,False
111250,card,Counter Strike 2,51146,MIBR Academy,False
111252,jz,Counter Strike 2,52153,Intense,False
111254,stormzyn,Counter Strike 2,52190,W7M,False
111258,divine,Counter Strike 2,50948,9z Academy,False
111260,slashzz,Counter Strike 2,50948,9z Academy,False
111261,neozix,Counter Strike 2,50948,9z Academy,False
111263,MaxOff,Counter Strike 2,50948,9z Academy,False
111265,bsd,Counter Strike 2,53069,Case,False
111267,leomonster,Counter Strike 2,53907,Bad News Chickens,False
111269,zede,Counter Strike 2,52153,Intense,False
111271,cso,Counter Strike 2,50714,Sensei,False
111273,CutzMeretz,Counter Strike 2,50714,Sensei,False
111277,amore,Counter Strike 2,53868,Crescent,False
111279,ayaka,Counter Strike 2,53868,Crescent,False
111281,meo,Counter Strike 2,53868,Crescent,False
111283,Margo,Counter Strike 2,53868,Crescent,False
111284,akiyanora,Counter Strike 2,53868,Crescent,False
111286,Kaoday,Counter Strike 2,53869,Team France,False
111288,Monkey D. Julie,Counter Strike 2,53869,Team France,False
111290,Emerald,Counter Strike 2,53869,Team France,False
111292,Astra,Counter Strike 2,53869,Team France,False
111294,Rachel,Counter Strike 2,53869,Team France,False
111296,Chanti,Counter Strike 2,53870,AaB Female,False
111298,Hanz1,Counter Strike 2,53870,AaB Female,False
111299,Zygimage,Counter Strike 2,53870,AaB Female,False
111301,Tipsie,Counter Strike 2,53870,AaB Female,False
111302,Dewi,Counter Strike 2,53870,AaB Female,False
111304,Anotka,Counter Strike 2,53871,CENSORED,False
111306,icytears,Counter Strike 2,53871,CENSORED,False
111308,metori,Counter Strike 2,53871,CENSORED,False
111310,c0ldhurt,Counter Strike 2,53871,CENSORED,False
111312,g1tsune,Counter Strike 2,53871,CENSORED,False
111317,t4tty,Counter Strike 2,53872,Dreamcatchers,False
111319,f6tal,Counter Strike 2,53872,Dreamcatchers,False
111321,Elizabeth-,Counter Strike 2,53872,Dreamcatchers,False
111323,wieenN-,Counter Strike 2,53872,Dreamcatchers,False
111324,k175un4,Counter Strike 2,53872,Dreamcatchers,False
111326,st8cy,Counter Strike 2,53873,OneDay,False
111327,aiveri,Counter Strike 2,53873,OneDay,False
111329,v1spel,Counter Strike 2,53873,OneDay,False
111331,takioka,Counter Strike 2,53873,OneDay,False
111333,irbitka,Counter Strike 2,53873,OneDay,False
111337,Madam,Counter Strike 2,53875,K10 Ashes,False
111339,Natrise,Counter Strike 2,53875,K10 Ashes,False
111341,tess,Counter Strike 2,53875,K10 Ashes,False
111342,Moraltis,Counter Strike 2,53875,K10 Ashes,False
111343,oona1,Counter Strike 2,53875,K10 Ashes,False
111345,Nati Watażka,Counter Strike 2,53874,BlueJays FE,False
111347,deta,Counter Strike 2,53874,BlueJays FE,False
111349,Angieee,Counter Strike 2,53874,BlueJays FE,False
111351,julson,Counter Strike 2,53874,BlueJays FE,False
111353,LALA,Counter Strike 2,53874,BlueJays FE,False
111355,leo_drk,Counter Strike 2,51499,Hype E-sports,False
111357,MaLLby,Counter Strike 2,51499,Hype E-sports,False
111359,vinaabeast,Counter Strike 2,51499,Hype E-sports,False
111361,rainny,Counter Strike 2,51575,Hype,False
111363,history,Counter Strike 2,51499,Hype E-sports,False
111365,santt1g,Counter Strike 2,50238,Hawks,False
111366,waitzin,Counter Strike 2,50238,Hawks,False
111368,★ ⑰ guidimon,Counter Strike 2,51285,ROMANOS,False
111370,kun,Counter Strike 2,50238,Hawks,False
111382,artist,Counter Strike 2,49506,Verdant,False
111384,Extinct,Counter Strike 2,49506,Verdant,False
111386,Diviiii,Counter Strike 2,49506,Verdant,False
111388,Vacancy,Counter Strike 2,49506,Verdant,False
111390,Girafffe,Counter Strike 2,49506,Verdant,False
111392,innocent,Counter Strike 2,53754,Rebels Gaming,False
111394,casey,Counter Strike 2,53754,Rebels Gaming,False
111396,kisserek,Counter Strike 2,53754,Rebels Gaming,False
111398,flayyy,Counter Strike 2,53754,Rebels Gaming,False
111400,olimp,Counter Strike 2,53754,Rebels Gaming,False
111404,ex1st,Counter Strike 2,51930,Anonymo,False
111406,U10m3k,Counter Strike 2,54079,Haspers Team,False
111408,fr3nd,Counter Strike 2,51552,Permitta,False
111410,Sobol,Counter Strike 2,53960,ex-Enterprise Esports,False
111411,l3abaYaga,Counter Strike 2,54079,Haspers Team,False
111413,bcwila,Counter Strike 2,53874,BlueJays FE,False
111419,Noktse,Counter Strike 2,52060,Bestia,False
111421,luchov,Counter Strike 2,52060,Bestia,False
111423,naz,Counter Strike 2,52060,Bestia,False
111425,tomaszin,Counter Strike 2,52060,Bestia,False
111427,zock,Counter Strike 2,52060,Bestia,False
111428,✓   ⑳ levi,Counter Strike 2,51734,Sharks Youngsters,False
111430,xinesJesus,Counter Strike 2,51734,Sharks Youngsters,False
111432,Longo,Counter Strike 2,51734,Sharks Youngsters,False
111434,RenanZin,Counter Strike 2,51146,MIBR Academy,False
111438,⑳ nsherzs,Counter Strike 2,52060,Bestia,False
111440,hoax,Counter Strike 2,49558,Sharks,False
111442,ninjaZ,Counter Strike 2,53389,Galorys,False
111444,tomate,Counter Strike 2,53389,Galorys,False
111446,detr0ittj,Counter Strike 2,53389,Galorys,False
111448,happ,Counter Strike 2,53951,Nitro,False
111450,ckzao,Counter Strike 2,52153,Intense,False
111452,fREQ,Counter Strike 2,52153,Intense,False
111454,keiz,Counter Strike 2,52153,Intense,False
111456,mxa,Counter Strike 2,52153,Intense,False
111458,diozera,Counter Strike 2,51146,MIBR Academy,False
111460,coldzera,Counter Strike 2,49780,RED Canids,False
111462,dav1deuS,Counter Strike 2,49780,RED Canids,False
111464,nython,Counter Strike 2,49780,RED Canids,False
111466,venomzera,Counter Strike 2,49780,RED Canids,False
111468,[OFICIAL] ⑳ hardzao,Counter Strike 2,49780,RED Canids,False
111470,★ ⑳ DANVIET,Counter Strike 2,53950,Ex-Sport,False
111471,xns,Counter Strike 2,51205,Players,False
111473,tt.tv/volteracs,Counter Strike 2,54160,2070,False
111475,✓ ★ ⑳ timid pasenike,Counter Strike 2,53950,Ex-Sport,False
111477,㉑ PremiuM,Counter Strike 2,51295,Yawara Esports,False
111479,doc,Counter Strike 2,49558,Sharks,False
111481,gafolo,Counter Strike 2,49558,Sharks,False
111483,rdn,Counter Strike 2,49558,Sharks,False
111485,koala,Counter Strike 2,49558,Sharks,False
111487,pepe,Counter Strike 2,49558,Sharks,False
111489,ALLE,Counter Strike 2,51791,Solid,False
111491,lcm,Counter Strike 2,50714,Sensei,False
111493,destiny,Counter Strike 2,51791,Solid,False
111495,xureba,Counter Strike 2,53389,Galorys,False
111497,gbb,Counter Strike 2,51791,Solid,False
111499,deco,Counter Strike 2,53711,KRU Esports,False
111503,donotbesad,Counter Strike 2,53876,Wwaves,False
111505,yokusha,Counter Strike 2,53876,Wwaves,False
111507,m0rena,Counter Strike 2,53876,Wwaves,False
111509,enesy,Counter Strike 2,53876,Wwaves,False
111510,panifika,Counter Strike 2,53876,Wwaves,False
111512,ALRSKA,Counter Strike 2,53877,Bunnies,False
111514,DeJaWoo,Counter Strike 2,53877,Bunnies,False
111516,Tytania,Counter Strike 2,53877,Bunnies,False
111517,ankatasher,Counter Strike 2,53877,Bunnies,False
111518,s1ya,Counter Strike 2,53877,Bunnies,False
111520,raalz,Counter Strike 2,49865,9INE,False
111522,mantuu,Counter Strike 2,49865,9INE,False
111524,refrezh,Counter Strike 2,49865,9INE,False
111526,misutaaa,Counter Strike 2,49865,9INE,False
111528,s0und,Counter Strike 2,49865,9INE,False
111530,SHiNE,Counter Strike 2,51692,Metizport,False
111532,dshq,Counter Strike 2,53878,5bites,False
111534,b3h4,Counter Strike 2,53878,5bites,False
111536,ailey,Counter Strike 2,53878,5bites,False
111538,a0giri,Counter Strike 2,53878,5bites,False
111540,neosoznala,Counter Strike 2,53878,5bites,False
111542,Valen'ka,Counter Strike 2,53879,MAVKY,False
111544,ayame,Counter Strike 2,53879,MAVKY,False
111546,Paer_saf,Counter Strike 2,53879,MAVKY,False
111548,m0nttana,Counter Strike 2,53879,MAVKY,False
111550,BL1DA,Counter Strike 2,53879,MAVKY,False
111553,svemyy,Counter Strike 2,53501,ROSOMAHA Team,False
111555,rendY,Counter Strike 2,53501,ROSOMAHA Team,False
111557,MiGHTYMAX,Counter Strike 2,49792,ENDPOINT,False
111558,Surreal^,Counter Strike 2,49792,ENDPOINT,False
111560,cej0t,Counter Strike 2,49792,ENDPOINT,False
111562,CRUC1AL,Counter Strike 2,49792,ENDPOINT,False
111564,AZUWU,Counter Strike 2,49792,ENDPOINT,False
111565,Aidy,Counter Strike 2,53880,YUME,False
111567,Mariam,Counter Strike 2,53880,YUME,False
111569,fReeze13,Counter Strike 2,53880,YUME,False
111571,MissLaia,Counter Strike 2,53880,YUME,False
111573,MaMi,Counter Strike 2,53880,YUME,False
111575,Tita,Counter Strike 2,53881,GnG Amazigh White,False
111577,DinaCroft,Counter Strike 2,53881,GnG Amazigh White,False
111579,Tng,Counter Strike 2,53881,GnG Amazigh White,False
111580,noticha,Counter Strike 2,53881,GnG Amazigh White,False
111582,Sye,Counter Strike 2,53881,GnG Amazigh White,False
111583,nekiz,Counter Strike 2,51961,Legacy,False
111585,saadzin,Counter Strike 2,51961,Legacy,False
111586,b4rtin,Counter Strike 2,51961,Legacy,False
111588,dumau,Counter Strike 2,51961,Legacy,False
111590,latto,Counter Strike 2,51961,Legacy,False
111591,yepz,Counter Strike 2,53069,Case,False
111593,RICIOLI,Counter Strike 2,53069,Case,False
111595,nyezin,Counter Strike 2,53069,Case,False
111597,urban0,Counter Strike 2,53069,Case,False
111599,paqueta,Counter Strike 2,53069,Case,False
111602,Victoria,Counter Strike 2,53882,Permitta FE,False
111604,Missy,Counter Strike 2,53882,Permitta FE,False
111605,mb1w,Counter Strike 2,53882,Permitta FE,False
111607,Oxycet,Counter Strike 2,53882,Permitta FE,False
111609,Tynka,Counter Strike 2,53882,Permitta FE,False
111611,Juntella,Counter Strike 2,53883,Insilio FE,False
111613,Nordvi,Counter Strike 2,53883,Insilio FE,False
111615,_Nastyuha_,Counter Strike 2,53883,Insilio FE,False
111617,katsuyoki,Counter Strike 2,53883,Insilio FE,False
111619,Hirokomi,Counter Strike 2,53883,Insilio FE,False
111621,Andrew,Counter Strike 2,51434,Limitless,False
111625,[OFICIAL] ⑳ yel,Counter Strike 2,53711,KRU Esports,False
111629,fear,Counter Strike 2,52356,Passion UA,False
111631,maaryy,Counter Strike 2,51552,Permitta,False
111632,tomiko,Counter Strike 2,51552,Permitta,False
111634,masked,Counter Strike 2,51552,Permitta,False
111636,bnox,Counter Strike 2,51552,Permitta,False
111639,FpSSS,Counter Strike 2,51542,INSILIO,False
111641,sugaR,Counter Strike 2,51542,INSILIO,False
111642,Polt,Counter Strike 2,51542,INSILIO,False
111643,faydett,Counter Strike 2,51542,INSILIO,False
111645,Pipw,Counter Strike 2,51542,INSILIO,False
111647,Beccie,Counter Strike 2,52160,Preasy Esports,False
111649,Equip,Counter Strike 2,52160,Preasy Esports,False
111651,VireZ,Counter Strike 2,52160,Preasy Esports,False
111653,skejs,Counter Strike 2,52160,Preasy Esports,False
111695,riva1,Counter Strike 2,53878,5bites,False
111766,hyped,Counter Strike 2,51794,ALTERNATE aTTaX,False
111768,PerX,Counter Strike 2,51794,ALTERNATE aTTaX,False
111770,awzek,Counter Strike 2,51794,ALTERNATE aTTaX,False
111772,FreeZe,Counter Strike 2,51794,ALTERNATE aTTaX,False
111774,ArroW,Counter Strike 2,51794,ALTERNATE aTTaX,False
111776,Levi,Counter Strike 2,52065,Team UNiTY,False
111778,Pechyn,Counter Strike 2,52065,Team UNiTY,False
111780,blogg1s,Counter Strike 2,52065,Team UNiTY,False
111782,K1 - FiDa,Counter Strike 2,52065,Team UNiTY,False
111784,M1key,Counter Strike 2,49702,Team OG,False
111786,Maarkoos,Counter Strike 2,54079,Haspers Team,False
111788,kadziju,Counter Strike 2,51986,Illuminar gaming,False
111790,Furlan,Counter Strike 2,51986,Illuminar gaming,False
111792,b1elany :p,Counter Strike 2,51986,Illuminar gaming,False
111794,✓ ★ ⑳ hugadas,Counter Strike 2,51588,paiN Academy,False
111796,Tatu,Counter Strike 2,51588,paiN Academy,False
111797,Misfit,Counter Strike 2,51791,Solid,False
111799,deemO,Counter Strike 2,51588,paiN Academy,False
111805,✓ ★ ⑳ nacho,Counter Strike 2,51285,ROMANOS,False
111807,1962,Counter Strike 2,53230,Dusty Roots,False
111809,OwensinhoM,Counter Strike 2,53230,Dusty Roots,False
111810,tom1jed,Counter Strike 2,53230,Dusty Roots,False
111811,maxxkor,Counter Strike 2,53230,Dusty Roots,False
111812,alexer,Counter Strike 2,53230,Dusty Roots,False
111946,AcilioN,Counter Strike 2,52160,Preasy Esports,False
111984,Topa,Counter Strike 2,53693,WOPA Esport,False
111988,Gnøffe,Counter Strike 2,53693,WOPA Esport,False
111990,Vster,Counter Strike 2,53693,WOPA Esport,False
111992,sL1m3,Counter Strike 2,53693,WOPA Esport,False
111994,leakz,Counter Strike 2,53693,WOPA Esport,False
111996,zEden,Counter Strike 2,53693,WOPA Esport,False
111998,phr,Counter Strike 2,51986,Illuminar gaming,False
112002,SELLTER,Counter Strike 2,53125,GUN5,False
112004,xiELO-,Counter Strike 2,53125,GUN5,False
112006,FinigaN,Counter Strike 2,53125,GUN5,False
112008,easy,Counter Strike 2,53125,GUN5,False
112010,tN1R,Counter Strike 2,53125,GUN5,False
112012,szejn',Counter Strike 2,53692,Copenhagen Wolves,False
112014,sense,Counter Strike 2,53692,Copenhagen Wolves,False
112016,Fessor,Counter Strike 2,53692,Copenhagen Wolves,False
112018,Tapewaare,Counter Strike 2,53692,Copenhagen Wolves,False
112020,j0w_.,Counter Strike 2,51295,Yawara Esports,False
112022,lash,Counter Strike 2,51295,Yawara Esports,False
112024,stax,Counter Strike 2,51295,Yawara Esports,False
112026,ritz,Counter Strike 2,51295,Yawara Esports,False
112028,revoltz,Counter Strike 2,51295,Yawara Esports,False
112030,TruNiQ,Counter Strike 2,52222,Team Space,False
112032,Vert,Counter Strike 2,52078,ARCRED,False
112034,X5G7V,Counter Strike 2,52222,Team Space,False
112036,danistzz,Counter Strike 2,52222,Team Space,False
112038,fozil,Counter Strike 2,52222,Team Space,False
112040,bluewh1te,Counter Strike 2,52068,Aurora YB,False
112041,bl1x1,Counter Strike 2,52068,Aurora YB,False
112043,shady,Counter Strike 2,49805,VP.Prodigy,False
112044,xdENiSZERA,Counter Strike 2,49805,VP.Prodigy,False
112076,Lekr0,Counter Strike 2,53896,BC.Game Esports,False
112078,anarkez,Counter Strike 2,53896,BC.Game Esports,False
112080,CacaNito,Counter Strike 2,53896,BC.Game Esports,False
112082,joel,Counter Strike 2,53896,BC.Game Esports,False
112084,beastik,Counter Strike 2,49787,SINNERS Esports,False
112085,MoriiSko,Counter Strike 2,49787,SINNERS Esports,False
112087,oskar,Counter Strike 2,49787,SINNERS Esports,False
112089,SHOCK,Counter Strike 2,49787,SINNERS Esports,False
112091,majky,Counter Strike 2,49787,SINNERS Esports,False
112093,Sapec,Counter Strike 2,51692,Metizport,False
112095,Jackinho,Counter Strike 2,49873,Lilmix,False
112097,Plopski,Counter Strike 2,51692,Metizport,False
112099,nilo,Counter Strike 2,51692,Metizport,False
112101,adamb,Counter Strike 2,51692,Metizport,False
112103,sAvana1,Counter Strike 2,51920,SAMPI,False
112105,manguss,Counter Strike 2,51920,SAMPI,False
112106,The eLiVe,Counter Strike 2,51920,SAMPI,False
112108,ZEDKO,Counter Strike 2,51920,SAMPI,False
112110,fino,Counter Strike 2,51920,SAMPI,False
112112,fostar,Counter Strike 2,53997,BOGATYRI,False
112115,h1te,Counter Strike 2,53669,DMS,False
112117,AW,Counter Strike 2,53669,DMS,False
112118,sm3ttt,Counter Strike 2,53669,DMS,False
112120,kAlash,Counter Strike 2,53669,DMS,False
112122,sFade8,Counter Strike 2,53669,DMS,False
112140,MTGG,Counter Strike 2,54156,America Esports,False
112182,niko,Counter Strike 2,52259,TSM,False
112184,acoR,Counter Strike 2,52259,TSM,False
112186,valde,Counter Strike 2,52259,TSM,False
112188,Zyphon,Counter Strike 2,52259,TSM,False
112190,Altekz,Counter Strike 2,52259,TSM,False
112192,juanflatroo,Counter Strike 2,50069,Into The Breach,False
112194,Keoz,Counter Strike 2,50069,Into The Breach,False
112196,BOROS,Counter Strike 2,50069,Into The Breach,False
112198,sinnopsyy =DD,Counter Strike 2,50069,Into The Breach,False
112200,smooya,Counter Strike 2,50069,Into The Breach,False
112202,facecrack,Counter Strike 2,53619,Leon,False
112204,JIaYm,Counter Strike 2,53619,Leon,False
112206,Raijin,Counter Strike 2,53619,Leon,False
112208,JBOEN,Counter Strike 2,52160,Preasy Esports,False
112210,biguzera,Counter Strike 2,49643,paiN,False
112212,lux,Counter Strike 2,49643,paiN,False
112213,nqz,Counter Strike 2,49643,paiN,False
112215,snow,Counter Strike 2,49643,paiN,False
112217,kauez,Counter Strike 2,49643,paiN,False
112219,shushan,Counter Strike 2,51403,K10,False
112221,adam,Counter Strike 2,53085,GL Academy,False
112223,meztal,Counter Strike 2,54064,Drillas,False
112225,Speedy,Counter Strike 2,52259,TSM,False
112226,bevve,Counter Strike 2,49506,Verdant,False
112228,Goody,Counter Strike 2,53085,GL Academy,False
112230,leaf,Counter Strike 2,49506,Verdant,False
112231,rUddd信仰,Counter Strike 2,53085,GL Academy,False
112233,darber,Counter Strike 2,53085,GL Academy,False
112237,kiR,Counter Strike 2,49975,Astralis Talent,False
112239,ANSG1,Counter Strike 2,49975,Astralis Talent,False
112241,kroK,Counter Strike 2,49975,Astralis Talent,False
112243,bruninhocs_,Counter Strike 2,52238,Bounty Hunters,False
112361,arT,Counter Strike 2,51311,Fluxo,False
112363,[OFICIAL] ⑳ lucaozy,Counter Strike 2,51813,MIBR,False
112365,chayJESUS,Counter Strike 2,54149,Tropa do Taco,False
112367,nicks,Counter Strike 2,51311,Fluxo,False
112369,zevy,Counter Strike 2,51311,Fluxo,False
112407,b1st,Counter Strike 2,49805,VP.Prodigy,False
112414,drac,Counter Strike 2,51536,GenOne,False
112416,devoduvek力,Counter Strike 2,51536,GenOne,False
112418,Brooxsy,Counter Strike 2,51536,GenOne,False
112420,unshaarK,Counter Strike 2,51536,GenOne,False
112422,KursySSJ4,Counter Strike 2,51536,GenOne,False
112424,Sidivo,Counter Strike 2,53708,Grannys Knockers,False
112426,slokkerR,Counter Strike 2,53708,Grannys Knockers,False
112428,BaGyZ,Counter Strike 2,53708,Grannys Knockers,False
112430,StreakN,Counter Strike 2,53708,Grannys Knockers,False
112432,MAGILA-,Counter Strike 2,53692,Copenhagen Wolves,False
112434,hotd0g,Counter Strike 2,51919,ENTERPRISE ESPORTS,False
112436,SoLb,Counter Strike 2,53827,Fluffy Gangsters,False
112438,sh1geo,Counter Strike 2,53827,Fluffy Gangsters,False
112440,yuramyata,Counter Strike 2,53827,Fluffy Gangsters,False
112446,oopee,Counter Strike 2,53713,HEIMO,False
112448,msr,Counter Strike 2,50113,FURIA Academy,False
112454,[A]zewtsik,Counter Strike 2,49799,Chetz,False
112456,mahoneZu,Counter Strike 2,50125,Infinite Gaming,False
112458,chankykyky,Counter Strike 2,50125,Infinite Gaming,False
112460,starplajerz,Counter Strike 2,50125,Infinite Gaming,False
112462,D1MAJE,Counter Strike 2,49799,Chetz,False
112514,Legy,Counter Strike 2,51588,paiN Academy,False
112524,Worick,Counter Strike 2,,,False
112526,Po Xyi,Counter Strike 2,,,False
112528,Kitzz,Counter Strike 2,,,False
112530,aiwu,Counter Strike 2,,,False
112532,Обнулил время,Counter Strike 2,,,False
112534,333,Counter Strike 2,,,False
112536,Ankou ♡,Counter Strike 2,,,False
112538,noe,Counter Strike 2,,,False
112540,Bryle,Counter Strike 2,,,False
112542,Gorgc,Counter Strike 2,,,False
112641,short,Counter Strike 2,53907,Bad News Chickens,False
112643,alisson,Counter Strike 2,53907,Bad News Chickens,False
112645,Roz,Counter Strike 2,54160,2070,False
112646,skr,Counter Strike 2,53907,Bad News Chickens,False
112648,desh,Counter Strike 2,53907,Bad News Chickens,False
112650,HObbit,Counter Strike 2,49786,1WIN,False
112652,neaLaN,Counter Strike 2,49786,1WIN,False
112653,Ryujin,Counter Strike 2,49786,1WIN,False
112655,Buster :),Counter Strike 2,53997,BOGATYRI,False
112656,lattykk,Counter Strike 2,49786,1WIN,False
112677,mds,Counter Strike 2,54101,Penance,False
112679,Gabe,Counter Strike 2,54101,Penance,False
112681,CoJoMo,Counter Strike 2,54101,Penance,False
112682,nooz,Counter Strike 2,51331,timbermen,False
112684,shutout,Counter Strike 2,49644,Phoenix,False
112686,Frost,Counter Strike 2,53932,Team Aether,False
112688,AtomiK,Counter Strike 2,53932,Team Aether,False
112690,SolGoat,Counter Strike 2,53932,Team Aether,False
112692,RiFT,Counter Strike 2,53932,Team Aether,False
112696,serv0,Counter Strike 2,51463,TakeFlyte,False
112698,Grave,Counter Strike 2,51463,TakeFlyte,False
112700,jchancE,Counter Strike 2,51463,TakeFlyte,False
112701,z0mb1e,Counter Strike 2,51463,TakeFlyte,False
112703,cbass,Counter Strike 2,51463,TakeFlyte,False
112705,jsfeltner,Counter Strike 2,51439,InControl,False
112707,FIEND,Counter Strike 2,51439,InControl,False
112709,mason,Counter Strike 2,51439,InControl,False
112711,TyRa,Counter Strike 2,51439,InControl,False
112713,dylan,Counter Strike 2,51439,InControl,False
112715,Chr1zN,Counter Strike 2,49702,Team OG,False
112717,sirah,Counter Strike 2,52259,TSM,False
112719,PRRR,Counter Strike 2,50127,mouz NXT,False
112721,Burmylov,Counter Strike 2,51819,MOUZ,False
112723,Neityu,Counter Strike 2,51819,MOUZ,False
112725,STYKO,Counter Strike 2,51309,Monte,False
112727,dycha,Counter Strike 2,51309,Monte,False
112729,hades,Counter Strike 2,51309,Monte,False
112731,DemQQ,Counter Strike 2,51309,Monte,False
112733,kRaSnaL,Counter Strike 2,51309,Monte,False
112737,arrozdoce,Counter Strike 2,51883,sAw,False
112739,roman,Counter Strike 2,51883,sAw,False
112741,MUTiRiS,Counter Strike 2,51883,sAw,False
112743,story,Counter Strike 2,51883,sAw,False
112745,ewjerkz,Counter Strike 2,51883,sAw,False
112747,sstiNiX,Counter Strike 2,52247,Cybershoke,False
112749,lov1kus,Counter Strike 2,52247,Cybershoke,False
112751,FenomeN,Counter Strike 2,52247,Cybershoke,False
112753,levantino,Counter Strike 2,52247,Cybershoke,False
112768,✓ ★ ㉑ wallz1k,Counter Strike 2,50714,Sensei,False
112770,TEKO,Counter Strike 2,50714,Sensei,False
112772,will1ZERA,Counter Strike 2,50714,Sensei,False
112774,CloN7,Counter Strike 2,50714,Sensei,False
112776,santos,Counter Strike 2,50714,Sensei,False
112778,proSHOW,Counter Strike 2,54160,2070,False
112780,prt,Counter Strike 2,54148,Game Hunters,False
112782,Demonos,Counter Strike 2,54160,2070,False
112784,antonini-,Counter Strike 2,54156,America Esports,False
112786,pedrinzy,Counter Strike 2,54148,Game Hunters,False
112788,buda,Counter Strike 2,51864,9z Team,False
112790,dgt,Counter Strike 2,51864,9z Team,False
112792,HUASOPEEK,Counter Strike 2,51864,9z Team,False
112794,MartinezSa,Counter Strike 2,51864,9z Team,False
112815,cptkurtka023,Counter Strike 2,51885,B8,False
112817,alex666,Counter Strike 2,51885,B8,False
112819,npl,Counter Strike 2,51885,B8,False
112821,headtr1ck,Counter Strike 2,51885,B8,False
112823,poiii,Counter Strike 2,51318,Eyeballers,False
112825,JW,Counter Strike 2,51318,Eyeballers,False
112827,golden,Counter Strike 2,51318,Eyeballers,False
112829,HEAP,Counter Strike 2,51318,Eyeballers,False
112831,peppzor,Counter Strike 2,51318,Eyeballers,False
112833,Pose1doNN,Counter Strike 2,50835,Detonate,False
112835,Zucar,Counter Strike 2,50835,Detonate,False
112837,sasha,Counter Strike 2,50835,Detonate,False
112839,nicx,Counter Strike 2,54107,Alter Iron Club,False
112841,vin3,Counter Strike 2,54107,Alter Iron Club,False
112843,clx,Counter Strike 2,53700,Novum,False
112845,K2!,Counter Strike 2,54107,Alter Iron Club,False
112847,flixxy,Counter Strike 2,54107,Alter Iron Club,False
112849,brett,Counter Strike 2,52061,FLUFFY AIMERS,False
112851,sacrifice,Counter Strike 2,53913,Jahsdnmasjdm,False
112853,jason,Counter Strike 2,52061,FLUFFY AIMERS,False
112857,refraction,Counter Strike 2,51659,Purple Haze,False
112859,Blytz,Counter Strike 2,52233,ECLOT,False
112861,forsyy,Counter Strike 2,52233,ECLOT,False
112863,kreaz,Counter Strike 2,52233,ECLOT,False
112865,nbqq,Counter Strike 2,52233,ECLOT,False
112867,Dytor,Counter Strike 2,52233,ECLOT,False
112869,n1Xen,Counter Strike 2,51108,ECSTATIC,False
112871,Kristou,Counter Strike 2,51108,ECSTATIC,False
112873,Anlelele,Counter Strike 2,51108,ECSTATIC,False
112875,nut nut,Counter Strike 2,51108,ECSTATIC,False
112877,Tauson,Counter Strike 2,49555,GamerLegion,False
112879,bodyy,Counter Strike 2,51820,Fnatic,False
112880,blameF,Counter Strike 2,51820,Fnatic,False
112881,KRiMZ,Counter Strike 2,51820,Fnatic,False
112882,afro,Counter Strike 2,51820,Fnatic,False
112883,MATYS,Counter Strike 2,51820,Fnatic,False
112887,LNZ,Counter Strike 2,49916,Sangal,False
112889,SaMey,Counter Strike 2,49916,Sangal,False
112891,xfl0ud,Counter Strike 2,49916,Sangal,False
112893,jottAAA,Counter Strike 2,49916,Sangal,False
112895,yxngstxr,Counter Strike 2,49916,Sangal,False
112917,roeJ,Counter Strike 2,52001,Gaimin Gladiators,False
112918,Queenix,Counter Strike 2,52001,Gaimin Gladiators,False
112920,kraghen,Counter Strike 2,52001,Gaimin Gladiators,False
112921,Nodios,Counter Strike 2,52001,Gaimin Gladiators,False
112923,nicoodoz,Counter Strike 2,52001,Gaimin Gladiators,False
112933,mawth,Counter Strike 2,53760,E-Xolos LAZER,False
112935,danoco,Counter Strike 2,53760,E-Xolos LAZER,False
112937,tatazin,Counter Strike 2,53760,E-Xolos LAZER,False
112939,land1n,Counter Strike 2,53760,E-Xolos LAZER,False
112941,w1,Counter Strike 2,53760,E-Xolos LAZER,False
112943,steel,Counter Strike 2,53812,Vibe,False
112944,grape,Counter Strike 2,53812,Vibe,False
112946,Pol0,Counter Strike 2,53812,Vibe,False
112954,motm,Counter Strike 2,50657,Undefined,False
112956,BeaKie,Counter Strike 2,50657,Undefined,False
112958,Chop,Counter Strike 2,50657,Undefined,False
112960,stamina,Counter Strike 2,50657,Undefined,False
112962,CLASIA,Counter Strike 2,50657,Undefined,False
112964,kmrn,Counter Strike 2,51331,timbermen,False
113010,Pablek,Counter Strike 2,50238,Hawks,False
113016,S0ph3R,Counter Strike 2,53914,Revenge Nation,False
113018,Magic,Counter Strike 2,51641,Lazer Cats,False
113020,TABEN,Counter Strike 2,53914,Revenge Nation,False
113022,xam,Counter Strike 2,53914,Revenge Nation,False
113024,-lost666,Counter Strike 2,53914,Revenge Nation,False
113026,J0LZ,Counter Strike 2,51551,Homyno,False
113028,tenskee,Counter Strike 2,51551,Homyno,False
113030,BiNoX,Counter Strike 2,51551,Homyno,False
113034,CAJUN,Counter Strike 2,53817,Final Form,False
113036,learsi,Counter Strike 2,53913,Jahsdnmasjdm,False
113038,intra,Counter Strike 2,53913,Jahsdnmasjdm,False
113040,cypress,Counter Strike 2,53913,Jahsdnmasjdm,False
113078,delle,Counter Strike 2,51318,Eyeballers,False
113080,Ducky,Counter Strike 2,51509,Viperio,False
113082,SKRiMO,Counter Strike 2,51509,Viperio,False
113083,zodi,Counter Strike 2,51509,Viperio,False
113085,AwaykeN-,Counter Strike 2,51509,Viperio,False
113087,dem0n,Counter Strike 2,53084,Navi Junior,False
113089,Krabeni,Counter Strike 2,53084,Navi Junior,False
113091,Makazz3,Counter Strike 2,53084,Navi Junior,False
113092,cmtry,Counter Strike 2,53084,Navi Junior,False
113173,nickwrld,Counter Strike 2,51295,Yawara Esports,False
113175,Elk,Counter Strike 2,53913,Jahsdnmasjdm,False
113177,arviast,Counter Strike 2,53106,Akimbo,False
113180,BluePho3nix,Counter Strike 2,49960,Young Ninjas,False
113182,MisteM,Counter Strike 2,51797,Ninjas in Pyjamas,False
113184,jocab,Counter Strike 2,51797,Ninjas in Pyjamas,False
113186,Silence,Counter Strike 2,49960,Young Ninjas,False
113188,xKacpersky,Counter Strike 2,49960,Young Ninjas,False
113190,Lamp,Counter Strike 2,53916,Wingman,False
113192,goose,Counter Strike 2,54102,Dumb Dogs,False
113194,La1nes,Counter Strike 2,53916,Wingman,False
113195,Sssherr,Counter Strike 2,53916,Wingman,False
113197,Minor,Counter Strike 2,53916,Wingman,False
113199,Dementor,Counter Strike 2,52157,The Suspect,False
113201,vAloN,Counter Strike 2,52157,The Suspect,False
113203,HYPERI1,Counter Strike 2,52157,The Suspect,False
113204,Caleyy,Counter Strike 2,52157,The Suspect,False
113206,BledarD,Counter Strike 2,52157,The Suspect,False
113208,ritchiEE1,Counter Strike 2,54078,GOSTIVAR,False
113210,jACKZ,Counter Strike 2,51536,GenOne,False
113212,truth,Counter Strike 2,52384,Project G,False
113214,Vegi,Counter Strike 2,52384,Project G,False
113216,eraa^,Counter Strike 2,53692,Copenhagen Wolves,False
113221,⑲ Yokowow,Counter Strike 2,53917,APUROESKBIO,False
113223,✓   ⑳ arieldidi,Counter Strike 2,53917,APUROESKBIO,False
113225,✓   ⑳ TISAN,Counter Strike 2,53917,APUROESKBIO,False
113227,✓   ⑲ g0rd0really,Counter Strike 2,53917,APUROESKBIO,False
113229,★ ⑲ DiMAS,Counter Strike 2,53918,BANG!,False
113231,✓ ★ ⑳ Campe,Counter Strike 2,53918,BANG!,False
113233,★ ⑳ Emadlz,Counter Strike 2,53918,BANG!,False
113235,✓ ★ ⑳ AmBiTioN,Counter Strike 2,53918,BANG!,False
113237,zhoki,Counter Strike 2,54155,Bestia Academy,False
113239,⑳ tutehen,Counter Strike 2,49973,VeloX,False
113241,★ ⑳ JonY BoY,Counter Strike 2,49973,VeloX,False
113243,★ ⑳ nbl,Counter Strike 2,49973,VeloX,False
113245,★ ⑳ toto-m,Counter Strike 2,49973,VeloX,False
113247,✓ ★ ⑳ max,Counter Strike 2,49973,VeloX,False
113249,⑳ k7n-ssj,Counter Strike 2,53920,EBEA2,False
113250,✓ ★ ⑳ BT1K,Counter Strike 2,53920,EBEA2,False
113252,✓   ⑲ Withssj,Counter Strike 2,53920,EBEA2,False
113254,✓ ☆ ⑲ pppoti,Counter Strike 2,53920,EBEA2,False
113256,✓   ⑳ ROGGENN,Counter Strike 2,53920,EBEA2,False
113274,perez,Counter Strike 2,50714,Sensei,False
113282,observer,Counter Strike 2,53710,inSanitY Sports,False
113284,✓ ★ ⑳ kvns,Counter Strike 2,53918,BANG!,False
113300,ryu,Counter Strike 2,53790,Monte Gen,False
113302,shield,Counter Strike 2,53790,Monte Gen,False
113304,Gizmy,Counter Strike 2,53790,Monte Gen,False
113306,fnl,Counter Strike 2,53790,Monte Gen,False
113308,leen,Counter Strike 2,53790,Monte Gen,False
113310,sLowi,Counter Strike 2,52275,RoundsGG,False
113312,p3kko,Counter Strike 2,52275,RoundsGG,False
113314,Villeboe,Counter Strike 2,52275,RoundsGG,False
113316,BTN,Counter Strike 2,51874,Nexus,False
113318,xellow,Counter Strike 2,51874,Nexus,False
113320,ragga,Counter Strike 2,51874,Nexus,False
113322,Ciocardau,Counter Strike 2,51874,Nexus,False
113324,7kick,Counter Strike 2,51874,Nexus,False
113326,Twist,Counter Strike 2,52337,Alliance,False
113328,PlesseN,Counter Strike 2,52337,Alliance,False
113330,upE,Counter Strike 2,52337,Alliance,False
113332,avid,Counter Strike 2,52337,Alliance,False
113334,b0denmaster,Counter Strike 2,52337,Alliance,False
113336,FasteR,Counter Strike 2,54069,RED Canids Academy,False
113338,n0page,Counter Strike 2,54069,RED Canids Academy,False
113340,sanc,Counter Strike 2,54069,RED Canids Academy,False
113342,✓ ★ ⑳ gtw,Counter Strike 2,54069,RED Canids Academy,False
113344,edv,Counter Strike 2,54069,RED Canids Academy,False
113352,[OFICIAL] ⑳ saffeeg g,Counter Strike 2,51813,MIBR,False
113354,[OFICIAL] ⑳ exit,Counter Strike 2,51813,MIBR,False
113356,[OFICIAL] ⑳ insani,Counter Strike 2,51813,MIBR,False
113358,brnz4n,Counter Strike 2,51813,MIBR,False
113370,tOPZ,Counter Strike 2,52160,Preasy Esports,False
113394,喵喵球,Counter Strike 2,,,False
113396,梁秋瑜,Counter Strike 2,,,False
113398,sh1Neez,Counter Strike 2,,,False
113400,我想睡觉zzZ,Counter Strike 2,,,False
113402,Balderdash4818,Counter Strike 2,,,False
113403,丷m0NESY灬,Counter Strike 2,,,False
113415,✓ ★ ⑳ CHJNA4Q,Counter Strike 2,54059,inSanitY Female,False
113417,★ ⑲ ujliana,Counter Strike 2,54059,inSanitY Female,False
113419,[OFICIAL] ⑲ cAmyy,Counter Strike 2,54059,inSanitY Female,False
113421,★ ⑳ br3ndinhaaaa,Counter Strike 2,54059,inSanitY Female,False
113423,★ ⑳ armk4m,Counter Strike 2,54059,inSanitY Female,False
113425,pavv+,Counter Strike 2,53919,LA CHAMPIONS LIGA,False
113427,rzk,Counter Strike 2,53919,LA CHAMPIONS LIGA,False
113429,castrz,Counter Strike 2,53919,LA CHAMPIONS LIGA,False
113431,Hezz,Counter Strike 2,53919,LA CHAMPIONS LIGA,False
113433,dott1,Counter Strike 2,53919,LA CHAMPIONS LIGA,False
113492,lealziNho,Counter Strike 2,53830,JOGA DE TERNO,False
113494,✓ ★ ⑳ Brnz1k,Counter Strike 2,53830,JOGA DE TERNO,False
113496,✓ ★ ⑳ Lukita_fps,Counter Strike 2,53830,JOGA DE TERNO,False
113498,swarmyzz,Counter Strike 2,53830,JOGA DE TERNO,False
113500,✓ ★ ⑳ -Sakamoto,Counter Strike 2,53830,JOGA DE TERNO,False
113532,captainMo,Counter Strike 2,50128,Steel Helmet,False
113534,DD,Counter Strike 2,50128,Steel Helmet,False
113536,AEziyo,Counter Strike 2,50128,Steel Helmet,False
113538,xiaosaGe,Counter Strike 2,50128,Steel Helmet,False
113540,18ym,Counter Strike 2,50128,Steel Helmet,False
113542,NEUZ,Counter Strike 2,53767,Chinggis Warriors,False
113543,xerolte,Counter Strike 2,53767,Chinggis Warriors,False
113545,fury5k,Counter Strike 2,53767,Chinggis Warriors,False
113549,alexsomfan,Counter Strike 2,49975,Astralis Talent,False
113551,Qikert,Counter Strike 2,52389,Parivision,False
113553,ArtFr0st,Counter Strike 2,52389,Parivision,False
113555,BELCHONOKK,Counter Strike 2,52389,Parivision,False
113557,Patsi,Counter Strike 2,52389,Parivision,False
113558,alpha,Counter Strike 2,52389,Parivision,False
113560,kaze,Counter Strike 2,51103,Rare Atom,False
113562,SOMEBODY,Counter Strike 2,51103,Rare Atom,False
113564,ChildKing,Counter Strike 2,51103,Rare Atom,False
113566,L1haNg,Counter Strike 2,51103,Rare Atom,False
113568,bottleljr,Counter Strike 2,51342,WDNMD,False
113570,ATTACKER23,Counter Strike 2,51342,WDNMD,False
113572,qz,Counter Strike 2,51342,WDNMD,False
113574,lan,Counter Strike 2,51342,WDNMD,False
113575,AyeoN,Counter Strike 2,51342,WDNMD,False
113577,REL,Counter Strike 2,53708,Grannys Knockers,False
113587,zweih,Counter Strike 2,49589,Nemiga,False
113589,1eeR,Counter Strike 2,49589,Nemiga,False
113591,Xant3r,Counter Strike 2,53125,GUN5,False
113593,riskyb0b,Counter Strike 2,49589,Nemiga,False
113595,khaN,Counter Strike 2,49589,Nemiga,False
113597,ed1m,Counter Strike 2,51874,Nexus,False
113599,TOBIZ,Counter Strike 2,51819,MOUZ,False
113601,LovaGOD,Counter Strike 2,52021,Maycam Evolve,False
113603,✓ ★ ⑳ fdg1_,Counter Strike 2,52021,Maycam Evolve,False
113605,iv0,Counter Strike 2,52021,Maycam Evolve,False
113607,zLN,Counter Strike 2,52021,Maycam Evolve,False
113609,jqn e,Counter Strike 2,52021,Maycam Evolve,False
113611,[OFICIAL] ⑳ ferzy,Counter Strike 2,53710,inSanitY Sports,False
113625,CooperTrooper,Counter Strike 2,49644,Phoenix,False
113627,yourwombat,Counter Strike 2,53514,Bad News Kangaroos,False
113629,damyo,Counter Strike 2,53514,Bad News Kangaroos,False
113631,pz,Counter Strike 2,53514,Bad News Kangaroos,False
113633,BRACE,Counter Strike 2,53514,Bad News Kangaroos,False
113635,omichella,Counter Strike 2,53514,Bad News Kangaroos,False
113637,westmelon,Counter Strike 2,49575,Lynn Vision,False
113639,z4KR,Counter Strike 2,49575,Lynn Vision,False
113640,Flying,Counter Strike 2,49575,Lynn Vision,False
113642,afufu,Counter Strike 2,49575,Lynn Vision,False
113644,topo-,Counter Strike 2,53612,AMKAL ESPORTS,False
113646,Forester,Counter Strike 2,53612,AMKAL ESPORTS,False
113648,Krad,Counter Strike 2,53612,AMKAL ESPORTS,False
113650,TRAVIS,Counter Strike 2,53612,AMKAL ESPORTS,False
113652,Sdaim,Counter Strike 2,53125,GUN5,False
113654,Mercury,Counter Strike 2,49583,TYLOO,False
113656,Moseyuh,Counter Strike 2,49583,TYLOO,False
113658,Jee,Counter Strike 2,49583,TYLOO,False
113660,JamYoung,Counter Strike 2,49583,TYLOO,False
113662,Starry,Counter Strike 2,49583,TYLOO,False
113664,nEMANHA,Counter Strike 2,52013,Zero Tenacity,False
113666,aVN,Counter Strike 2,52013,Zero Tenacity,False
113668,brutmonster,Counter Strike 2,52013,Zero Tenacity,False
113670,Cjoffo,Counter Strike 2,52013,Zero Tenacity,False
113672,simke,Counter Strike 2,52013,Zero Tenacity,False
113674,REDSTAR------,Counter Strike 2,50069,Into The Breach,False
113676,gla1ve,Counter Strike 2,49553,ENCE,False
113678,sdy,Counter Strike 2,49553,ENCE,False
113680,Kylar,Counter Strike 2,49553,ENCE,False
113682,podi,Counter Strike 2,49553,ENCE,False
113684,Goofy,Counter Strike 2,49553,ENCE,False
113685,Sup3rant,Counter Strike 2,51551,Homyno,False
113689,Chill,Counter Strike 2,52222,Team Space,False
113691,Airax,Counter Strike 2,49513,HAVU,False
113693,Uli,Counter Strike 2,49513,HAVU,False
113695,ottoNd,Counter Strike 2,49513,HAVU,False
113697,Jelo,Counter Strike 2,49513,HAVU,False
113699,Puuha,Counter Strike 2,49513,HAVU,False
113703,[COACH] ★ ⑮ kMACH1NE,Counter Strike 2,49973,VeloX,False
113710,Luken,Counter Strike 2,52060,Bestia,False
113727,h4rn,Counter Strike 2,53692,Copenhagen Wolves,False
113729,Pumpkin66,Counter Strike 2,53791,TOR,False
113731,def1zer,Counter Strike 2,53791,TOR,False
113733,BLVCKM4GIC,Counter Strike 2,53791,TOR,False
113735,tiziaN,Counter Strike 2,52244,Revenant,False
113736,NEOFRAG,Counter Strike 2,52065,Team UNiTY,False
113738,whitey,Counter Strike 2,54120,Boiler Boyz,False
113740,teme,Counter Strike 2,49502,ENCE Academy,False
113742,mylbert8d,Counter Strike 2,49502,ENCE Academy,False
113744,millert,Counter Strike 2,49502,ENCE Academy,False
113748,Charisma,Counter Strike 2,53931,ALLINERS,False
113750,Janewka,Counter Strike 2,53931,ALLINERS,False
113752,molodoy,Counter Strike 2,53669,DMS,False
113754,D1sastrouS,Counter Strike 2,53931,ALLINERS,False
113756,demente,Counter Strike 2,53931,ALLINERS,False
113757,peku,Counter Strike 2,49513,HAVU,False
113778,flusha,Counter Strike 2,51318,Eyeballers,False
113780,Psycho,Counter Strike 2,53936,DASH,False
113782,Dawy,Counter Strike 2,53936,DASH,False
113784,nifee,Counter Strike 2,54064,Drillas,False
113786,cairne,Counter Strike 2,53937,Team Next Level,False
113788,flierax,Counter Strike 2,53936,DASH,False
113798,mwlkyx;v,Counter Strike 2,53960,ex-Enterprise Esports,False
113862,lollipop21k,Counter Strike 2,50069,Into The Breach,False
113864,hawk,Counter Strike 2,54008,Loading,False
113902,blend,Counter Strike 2,53812,Vibe,False
113904,Ellis,Counter Strike 2,53700,Novum,False
113906,remorse,Counter Strike 2,54129,Coxos,False
113908,Ganginho,Counter Strike 2,53937,Team Next Level,False
113910,onic,Counter Strike 2,53937,Team Next Level,False
113912,zogen,Counter Strike 2,53937,Team Next Level,False
113914,St0m4k,Counter Strike 2,53937,Team Next Level,False
113916,fNk,Counter Strike 2,53938,G2 Ares,False
113918,tAk,Counter Strike 2,53938,G2 Ares,False
113920,xezr,Counter Strike 2,53938,G2 Ares,False
113922,d0jca,Counter Strike 2,53938,G2 Ares,False
113924,hitori,Counter Strike 2,53938,G2 Ares,False
113926,Zote,Counter Strike 2,52060,Bestia,False
113967,karrigod,Counter Strike 2,53914,Revenge Nation,False
113969,Louie,Counter Strike 2,54099,Might x Gripgel,False
113991,nitr0,Counter Strike 2,51823,NRG,False
113993,oSee,Counter Strike 2,51823,NRG,False
113995,Brehze,Counter Strike 2,51823,NRG,False
113997,autimatic,Counter Strike 2,51823,NRG,False
113999,HexT,Counter Strike 2,51823,NRG,False
114001,Cryptic,Counter Strike 2,53033,BOSS,False
114003,Hate,Counter Strike 2,53033,BOSS,False
114005,SLIGHT,Counter Strike 2,53033,BOSS,False
114007,d4rty,Counter Strike 2,53033,BOSS,False
114009,freshie,Counter Strike 2,53033,BOSS,False
114011,bondik,Counter Strike 2,53939,Favbet Team,False
114013,Smash,Counter Strike 2,53939,Favbet Team,False
114015,Marix,Counter Strike 2,53939,Favbet Team,False
114017,j3kie,Counter Strike 2,53939,Favbet Team,False
114019,t3ns1on,Counter Strike 2,53939,Favbet Team,False
114023,slaxz-,Counter Strike 2,52200,M80,False
114025,Swisher,Counter Strike 2,52200,M80,False
114026,s1n,Counter Strike 2,52200,M80,False
114028,reck,Counter Strike 2,52200,M80,False
114030,Lake,Counter Strike 2,52200,M80,False
114032,DARE,Counter Strike 2,51331,timbermen,False
114034,snav,Counter Strike 2,51331,timbermen,False
114036,shane,Counter Strike 2,51331,timbermen,False
114038,Peeping,Counter Strike 2,49621,Party Astronauts,False
114040,dea,Counter Strike 2,53913,Jahsdnmasjdm,False
114041,hurtslxrd,Counter Strike 2,53677,RUBY,False
114053,welnic,Counter Strike 2,51874,Nexus,False
114057,cJ-dA-K1nG,Counter Strike 2,51290,Nouns,False
114059,nosraC,Counter Strike 2,51290,Nouns,False
114061,junior,Counter Strike 2,51290,Nouns,False
114063,Jeorge,Counter Strike 2,51290,Nouns,False
114065,emothug,Counter Strike 2,50835,Detonate,False
114083,Sandman,Counter Strike 2,51434,Limitless,False
114085,Wolffe,Counter Strike 2,52061,FLUFFY AIMERS,False
114087,Seb,Counter Strike 2,51434,Limitless,False
114089,Cyrix,Counter Strike 2,51434,Limitless,False
114091,DJF,Counter Strike 2,51434,Limitless,False
114107,Enzo,Counter Strike 2,51930,Anonymo,False
114109,-Nami,Counter Strike 2,51930,Anonymo,False
114111,gwachkuar,Counter Strike 2,51930,Anonymo,False
114113,smooho lft,Counter Strike 2,51930,Anonymo,False
114115,yvro,Counter Strike 2,51930,Anonymo,False
114117,TMB,Counter Strike 2,51108,ECSTATIC,False
114121,FL4MUS,Counter Strike 2,49555,GamerLegion,False
114123,sl3nd,Counter Strike 2,49555,GamerLegion,False
114124,volt,Counter Strike 2,49555,GamerLegion,False
114126,aNdu,Counter Strike 2,53692,Copenhagen Wolves,False
114128,ztr,Counter Strike 2,49555,GamerLegion,False
114135,WolfY,Counter Strike 2,49621,Party Astronauts,False
114137,ben1337,Counter Strike 2,49621,Party Astronauts,False
114139,Infinite,Counter Strike 2,49621,Party Astronauts,False
114141,Cxzi,Counter Strike 2,50657,Undefined,False
114143,FaNg,Counter Strike 2,49621,Party Astronauts,False
114182,Lucky,Counter Strike 2,51793,3DMAX,False
114184,Maka,Counter Strike 2,51793,3DMAX,False
114186,Djoko,Counter Strike 2,51793,3DMAX,False
114188,Ex3rcice,Counter Strike 2,51793,3DMAX,False
114190,Graviti,Counter Strike 2,51793,3DMAX,False
114202,AiyvaN,Counter Strike 2,53790,Monte Gen,False
114204,zorte,Counter Strike 2,52232,BetBoom,False
114206,nafany,Counter Strike 2,52232,BetBoom,False
114208,KaiR0N-,Counter Strike 2,52232,BetBoom,False
114210,S1ren,Counter Strike 2,52232,BetBoom,False
114212,Magnojez,Counter Strike 2,52232,BetBoom,False
114218,nota,Counter Strike 2,53612,AMKAL ESPORTS,False
114283,Sonic,Counter Strike 2,52230,Wildcard,False
114285,stanislaw,Counter Strike 2,52230,Wildcard,False
114287,JBa,Counter Strike 2,52230,Wildcard,False
114289,susp,Counter Strike 2,52230,Wildcard,False
114291,phzy,Counter Strike 2,52230,Wildcard,False
114342,fiR3,Counter Strike 2,51657,REMBAZA,False
114362,delboNi,Counter Strike 2,53710,inSanitY Sports,False
114368,Maluk3,Counter Strike 2,50714,Sensei,False
114372,w1dow,Counter Strike 2,51794,ALTERNATE aTTaX,False
114373,guthriee,Counter Strike 2,53939,Favbet Team,False
114375,pixel,Counter Strike 2,52068,Aurora YB,False
114377,dzt,Counter Strike 2,51205,Players,False
114378,spinnie,Counter Strike 2,51205,Players,False
114380,s1cko,Counter Strike 2,51205,Players,False
114382,dok,Counter Strike 2,51205,Players,False
114384,mithputtini,Counter Strike 2,51205,Players,False
114386,SYPH0,Counter Strike 2,50061,Spirit Academy,False
114388,kyousuke,Counter Strike 2,50061,Spirit Academy,False
114390,mokuj1n,Counter Strike 2,50061,Spirit Academy,False
114392,Alkaren,Counter Strike 2,50061,Spirit Academy,False
114394,robo,Counter Strike 2,50061,Spirit Academy,False
114396,Sandraum,Counter Strike 2,53951,Nitro,False
114398,abr,Counter Strike 2,54148,Game Hunters,False
114400,leleo,Counter Strike 2,53951,Nitro,False
114402,cerol,Counter Strike 2,53951,Nitro,False
114404,nolkz,Counter Strike 2,53951,Nitro,False
114415,beg0d,Counter Strike 2,53951,Nitro,False
114445,Melavi,Counter Strike 2,51930,Anonymo,False
114447,Lich,Counter Strike 2,54148,Game Hunters,False
114518,[COACH] ★ ⑳ luq,Counter Strike 2,54160,2070,False
114522,J3NSYY❤:v,Counter Strike 2,51108,ECSTATIC,False
114584,tabseN,Counter Strike 2,51830,BIG,False
114586,syrsoN,Counter Strike 2,51830,BIG,False
114588,JDC,Counter Strike 2,51830,BIG,False
114590,Krimbo,Counter Strike 2,51830,BIG,False
114592,rigoN,Counter Strike 2,51830,BIG,False
114642,morelz,Counter Strike 2,51930,Anonymo,False
114646,cerber,Counter Strike 2,52157,The Suspect,False
114663,KEi,Counter Strike 2,51309,Monte,False
114677,woozzzi,Counter Strike 2,52233,ECLOT,False
114684,tommy,Counter Strike 2,51203,QUAZAR,False
114685,n4mb3r5,Counter Strike 2,51203,QUAZAR,False
114687,whisper,Counter Strike 2,51203,QUAZAR,False
114689,Muk0s,Counter Strike 2,51203,QUAZAR,False
114691,gehji,Counter Strike 2,51203,QUAZAR,False
114693,cryths,Counter Strike 2,53790,Monte Gen,False
114695,Ax1Le,Counter Strike 2,51811,Cloud9,False
114696,ICY,Counter Strike 2,51811,Cloud9,False
114698,HeavyGod,Counter Strike 2,51811,Cloud9,False
114700,Boombl4,Counter Strike 2,51811,Cloud9,False
114702,interz,Counter Strike 2,51811,Cloud9,False
114703,skyye,Counter Strike 2,54119,Ex-9INE Academy,False
114705,hypex,Counter Strike 2,54119,Ex-9INE Academy,False
114707,n0te,Counter Strike 2,54119,Ex-9INE Academy,False
114709,Sterzig,Counter Strike 2,54119,Ex-9INE Academy,False
114718,relentless,Counter Strike 2,54147,ShindeN,False
114753,Nexius,Counter Strike 2,49702,Team OG,False
114755,Buzz,Counter Strike 2,49702,Team OG,False
114757,F1KU,Counter Strike 2,49702,Team OG,False
114759,MoDo,Counter Strike 2,49702,Team OG,False
114785,w0oZy-,Counter Strike 2,53957,Betclic Apogee Esports,False
114787,refinedPrism,Counter Strike 2,53957,Betclic Apogee Esports,False
114789,sw11z,Counter Strike 2,53957,Betclic Apogee Esports,False
114790,Qlocuu,Counter Strike 2,53957,Betclic Apogee Esports,False
114792,POLO-_-,Counter Strike 2,53957,Betclic Apogee Esports,False
114826,SBT,Counter Strike 2,53826,ADEPTS,False
114848,kyuubii,Counter Strike 2,51794,ALTERNATE aTTaX,False
114851,kye,Counter Strike 2,51311,Fluxo,False
114861,canox-,Counter Strike 2,51986,Illuminar gaming,False
114863,gramxd,Counter Strike 2,51986,Illuminar gaming,False
114865,likebro,Counter Strike 2,51986,Illuminar gaming,False
114866,.elementary,Counter Strike 2,51986,Illuminar gaming,False
114868,t1v3nbossu,Counter Strike 2,51986,Illuminar gaming,False
114870,xcon-,Counter Strike 2,49975,Astralis Talent,False
114871,AB,Counter Strike 2,49975,Astralis Talent,False
114873,Scr4pi,Counter Strike 2,49975,Astralis Talent,False
114875,Kaname,Counter Strike 2,49975,Astralis Talent,False
114876,Hanuman,Counter Strike 2,49975,Astralis Talent,False
114877,swicher,Counter Strike 2,51509,Viperio,False
114879,dezt,Counter Strike 2,51509,Viperio,False
114921,Cham,Counter Strike 2,51846,Godsent,False
114923,MaiL09,Counter Strike 2,51846,Godsent,False
114925,Sn0w,Counter Strike 2,51846,Godsent,False
114926,Fraaank-,Counter Strike 2,51846,Godsent,False
114928,Wonder,Counter Strike 2,51846,Godsent,False
114930,Malkiss ♡,Counter Strike 2,52133,L&G,False
114932,kr1vda,Counter Strike 2,52133,L&G,False
114934,kL1o,Counter Strike 2,52133,L&G,False
114936,NOPEEJ,Counter Strike 2,50933,Rhyno Esports,False
114938,ag1l,Counter Strike 2,50933,Rhyno Esports,False
114939,snapy,Counter Strike 2,50933,Rhyno Esports,False
114941,P3R3IIRA,Counter Strike 2,52101,GTZ Esports,False
114943,krazy,Counter Strike 2,50933,Rhyno Esports,False
114945,drg,Counter Strike 2,51791,Solid,False
114961,dgl,Counter Strike 2,51552,Permitta,False
114962,allu,Counter Strike 2,51345,JANO,False
114964,Aerial,Counter Strike 2,51345,JANO,False
114966,xseveN,Counter Strike 2,51345,JANO,False
114968,HENU,Counter Strike 2,51345,JANO,False
114970,juho,Counter Strike 2,51345,JANO,False
115019,[COACH] ✓ ★ ⑯ flip,Counter Strike 2,53980,BestBoy,False
115021,nikz_,Counter Strike 2,54156,America Esports,False
115023,mtsGOD,Counter Strike 2,54156,America Esports,False
115025,Straafer,Counter Strike 2,53980,BestBoy,False
115027,thuister,Counter Strike 2,54156,America Esports,False
115054,BORO,Counter Strike 2,51770,Sinners Academy,False
115056,DALIEN,Counter Strike 2,51770,Sinners Academy,False
115058,pepo.^,Counter Strike 2,51770,Sinners Academy,False
115060,dreezxD,Counter Strike 2,51770,Sinners Academy,False
115062,outex,Counter Strike 2,51770,Sinners Academy,False
115105,SHOGU,Counter Strike 2,51536,GenOne,False
115117,[COACH] ★ ⑳ walck,Counter Strike 2,51433,Phantom Troupe,False
115119,[COACH] ★ ⑪ ner0,Counter Strike 2,51295,Yawara Esports,False
115140,akEz,Counter Strike 2,52384,Project G,False
115145,BOGDAN,Counter Strike 2,53957,Betclic Apogee Esports,False
115148,SAMSE,Counter Strike 2,51846,Godsent,False
115150,Rytter,Counter Strike 2,49975,Astralis Talent,False
115154,[COACH] ✓ ★ ⑳ vivi,Counter Strike 2,51146,MIBR Academy,False
115156,lub9,Counter Strike 2,50714,Sensei,False
115158,TripleG,Counter Strike 2,53966,VENUS,False
115160,HKR-,Counter Strike 2,53966,VENUS,False
115162,K-DOT,Counter Strike 2,53966,VENUS,False
115164,TOMPER,Counter Strike 2,53966,VENUS,False
115166,RuflU,Counter Strike 2,53966,VENUS,False
115168,StebbiC0C0,Counter Strike 2,49944,DUSTY,False
115170,leFluff,Counter Strike 2,49944,DUSTY,False
115172,Midgard,Counter Strike 2,49944,DUSTY,False
115174,T0PAZ-,Counter Strike 2,49944,DUSTY,False
115176,brnr,Counter Strike 2,49944,DUSTY,False
115178,ofvirkur,Counter Strike 2,51089,Armann,False
115180,7homsen POLO,Counter Strike 2,51089,Armann,False
115182,HEJHEJ_HUNDENE,Counter Strike 2,51089,Armann,False
115184,Guddi,Counter Strike 2,51089,Armann,False
115186,hyperactiive,Counter Strike 2,51089,Armann,False
115188,skooN,Counter Strike 2,52292,IA,False
115190,JIIRII,Counter Strike 2,51304,IA ESPORTS,False
115191,de_Baddi,Counter Strike 2,52292,IA,False
115193,daffey,Counter Strike 2,52292,IA,False
115194,Asiii,Counter Strike 2,52292,IA,False
115196,[COACH] ✓ ★ ⑳ raiN-,Counter Strike 2,51588,paiN Academy,False
115198,[COACH] ★ ⑳ Flasky,Counter Strike 2,53921,9z Globant Academy,False
115250,tvrdy_lukas,Counter Strike 2,54096,Enterprise Genesis,False
115282,nexa,Counter Strike 2,53277,Bleed Esports,False
115284,jkaem,Counter Strike 2,53277,Bleed Esports,False
115286,VLDN,Counter Strike 2,53277,Bleed Esports,False
115288,nawwk,Counter Strike 2,51820,Fnatic,False
115290,CYPHER,Counter Strike 2,53277,Bleed Esports,False
115309,Licale,Counter Strike 2,51846,Godsent,False
115316,Jachro,Counter Strike 2,53538,Revel,False
115318,Gurtzz,Counter Strike 2,53540,Wanted Goons,False
115320,Axed,Counter Strike 2,53540,Wanted Goons,False
115322,neight,Counter Strike 2,53540,Wanted Goons,False
115324,PrimaryAsset,Counter Strike 2,53986,Kunai,False
115326,Ounce,Counter Strike 2,53986,Kunai,False
115328,loltrip,Counter Strike 2,53986,Kunai,False
115336,lumisade,Counter Strike 2,53540,Wanted Goons,False
115338,davesingle,Counter Strike 2,53540,Wanted Goons,False
115340,dmR,Counter Strike 2,53540,Wanted Goons,False
115342,Lui,Counter Strike 2,53540,Wanted Goons,False
115344,Meli0,Counter Strike 2,53540,Wanted Goons,False
115346,kralz,Counter Strike 2,53106,Akimbo,False
115349,bxd,Counter Strike 2,49505,TBD-2,False
115351,Juli,Counter Strike 2,49505,TBD-2,False
115353,JayFrcs,Counter Strike 2,49505,TBD-2,False
115354,PhizZ,Counter Strike 2,49505,TBD-2,False
115356,M1D,Counter Strike 2,49505,TBD-2,False
115357,mang0,Counter Strike 2,49504,TBD-1,False
115359,b0nes,Counter Strike 2,49504,TBD-1,False
115361,coley,Counter Strike 2,49504,TBD-1,False
115362,DacS,Counter Strike 2,49504,TBD-1,False
115364,fatguy,Counter Strike 2,53538,Revel,False
115366,ADRON,Counter Strike 2,51874,Nexus,False
115373,Beast,Counter Strike 2,51439,InControl,False
115375,pugg,Counter Strike 2,51439,InControl,False
115377,Supa,Counter Strike 2,49504,TBD-1,False
115379,TR0JN,Counter Strike 2,51484,LAG,False
115380,Zichael,Counter Strike 2,49504,TBD-1,False
115433,enfohip,Counter Strike 2,53990,Moggers,False
115435,Speedyw69,Counter Strike 2,53990,Moggers,False
115437,TylerT69,Counter Strike 2,54098,TSM 2.0,False
115439,Jackpot,Counter Strike 2,53990,Moggers,False
115441,celery,Counter Strike 2,53990,Moggers,False
115443,Sora,Counter Strike 2,53991,Kraken GG,False
115445,XtaSy,Counter Strike 2,53991,Kraken GG,False
115447,griffin,Counter Strike 2,53991,Kraken GG,False
115448,lo-fi,Counter Strike 2,53991,Kraken GG,False
115450,Jiga,Counter Strike 2,53991,Kraken GG,False
115544,AZR,Counter Strike 2,53995,Talon,False
115546,hazr,Counter Strike 2,53995,Talon,False
115548,ADDICT,Counter Strike 2,53995,Talon,False
115550,mhl,Counter Strike 2,53995,Talon,False
115551,nettik,Counter Strike 2,53995,Talon,False
115553,Jerry,Counter Strike 2,53996,Team WW,False
115555,StRoGo,Counter Strike 2,53996,Team WW,False
115557,Ct0m,Counter Strike 2,53996,Team WW,False
115558,Aunkere,Counter Strike 2,53996,Team WW,False
115560,tried,Counter Strike 2,53996,Team WW,False
115642,peterrr,Counter Strike 2,50072,Þór,False
115644,allee**,Counter Strike 2,50072,Þór,False
115646,PANDAZ-,Counter Strike 2,50072,Þór,False
115648,Dabbehhh,Counter Strike 2,50072,Þór,False
115650,RavlE,Counter Strike 2,50072,Þór,False
115652,blazterr,Counter Strike 2,53981,IFH,False
115654,clvR,Counter Strike 2,53981,IFH,False
115656,xeNyy-,Counter Strike 2,53981,IFH,False
115658,vctrr,Counter Strike 2,53981,IFH,False
115660,mozar7,Counter Strike 2,53981,IFH,False
115662,dvrk,Counter Strike 2,50835,Detonate,False
115664,hunger,Counter Strike 2,50835,Detonate,False
115666,Zeus,Counter Strike 2,53817,Final Form,False
115668,Cooper,Counter Strike 2,49628,Mythic,False
115669,freakazoid,Counter Strike 2,49628,Mythic,False
115671,fl0m,Counter Strike 2,49628,Mythic,False
115673,Trucklover86,Counter Strike 2,49628,Mythic,False
115675,austin,Counter Strike 2,54098,TSM 2.0,False
115742,seized,Counter Strike 2,53997,BOGATYRI,False
115744,mou,Counter Strike 2,53997,BOGATYRI,False
115746,almazer,Counter Strike 2,53997,BOGATYRI,False
115748,flamie,Counter Strike 2,53997,BOGATYRI,False
115752,drew,Counter Strike 2,54124,Slugy's Shekel Squad,False
115760,Sausol,Counter Strike 2,53692,Copenhagen Wolves,False
115798,Finus,Counter Strike 2,54066,Kano,False
115799,pabo,Counter Strike 2,54066,Kano,False
115801,VEJAY^J^_^,Counter Strike 2,54066,Kano,False
115803,N0NNI,Counter Strike 2,54066,Kano,False
115804,Pressi -,Counter Strike 2,54066,Kano,False
115806,Evan,Counter Strike 2,53914,Revenge Nation,False
115808,HorizoN,Counter Strike 2,53914,Revenge Nation,False
115810,SlooKy,Counter Strike 2,53998,Lore,False
115812,seNsite,Counter Strike 2,53998,Lore,False
115814,ondyey,Counter Strike 2,53998,Lore,False
115815,maeggi,Counter Strike 2,53998,Lore,False
115816,rafaxF,Counter Strike 2,50933,Rhyno Esports,False
115913,CHEHOL,Counter Strike 2,53999,Dangerous,False
115915,Rulik,Counter Strike 2,53999,Dangerous,False
115917,dantemoren,Counter Strike 2,53999,Dangerous,False
115919,endicate,Counter Strike 2,53999,Dangerous,False
115921,impulse,Counter Strike 2,53999,Dangerous,False
115923,AJ,Counter Strike 2,54000,Maximum Ego,False
115925,Johan,Counter Strike 2,54000,Maximum Ego,False
115927,duw,Counter Strike 2,54000,Maximum Ego,False
115928,absolute,Counter Strike 2,54000,Maximum Ego,False
115929,joe1106,Counter Strike 2,54000,Maximum Ego,False
115972,jmqa,Counter Strike 2,53999,Dangerous,False
115974,YNGHunter,Counter Strike 2,53817,Final Form,False
115976,oxygeN,Counter Strike 2,51546,Team 500,False
115978,aimy,Counter Strike 2,53957,Betclic Apogee Esports,False
115980,ERSIN,Counter Strike 2,51909,Royals,False
116050,shateri,Counter Strike 2,51909,Royals,False
116052,swaggy,Counter Strike 2,51909,Royals,False
116053,waZz,Counter Strike 2,51909,Royals,False
116055,oskvr,Counter Strike 2,51909,Royals,False
116102,iDISBALANCE,Counter Strike 2,51337,9 Pandas,False
116103,glowiing,Counter Strike 2,51337,9 Pandas,False
116105,r3salt,Counter Strike 2,51337,9 Pandas,False
116107,shalfey111,Counter Strike 2,51337,9 Pandas,False
116108,d1Ledez,Counter Strike 2,51337,9 Pandas,False
116110,emi,Counter Strike 2,51349,PARTIZAN,False
116112,c0llins,Counter Strike 2,51349,PARTIZAN,False
116114,Kind0,Counter Strike 2,51349,PARTIZAN,False
116116,roga,Counter Strike 2,51349,PARTIZAN,False
116118,Dragon,Counter Strike 2,51349,PARTIZAN,False
116122,Kunana,Counter Strike 2,54128,SweetBonanzers,False
116124,R4,Counter Strike 2,54129,Coxos,False
116126,ram0s,Counter Strike 2,51541,EXSAD Gaming,False
116128,androxZ-,Counter Strike 2,51541,EXSAD Gaming,False
116129,TMKj,Counter Strike 2,50933,Rhyno Esports,False
116145,BeiranZz,Counter Strike 2,53706,NeverPlay,False
116147,Ruy2k,Counter Strike 2,53706,NeverPlay,False
116149,opdust,Counter Strike 2,53706,NeverPlay,False
116151,drext,Counter Strike 2,51541,EXSAD Gaming,False
116173,Flipin1,Counter Strike 2,54010,Turritos,False
116175,Taero,Counter Strike 2,54127,CarritoSpain,False
116177,xjinch0,Counter Strike 2,54127,CarritoSpain,False
116179,fointte,Counter Strike 2,53756,TGD Pro,False
116181,fox,Counter Strike 2,52197,SQUAD,False
116183,renatoohaxx,Counter Strike 2,52197,SQUAD,False
116185,DDias,Counter Strike 2,52197,SQUAD,False
116187,nesto,Counter Strike 2,51541,EXSAD Gaming,False
116188,snowiee,Counter Strike 2,51541,EXSAD Gaming,False
116198,Shr,Counter Strike 2,52101,GTZ Esports,False
116200,seabraez,Counter Strike 2,52101,GTZ Esports,False
116202,aragornN,Counter Strike 2,52101,GTZ Esports,False
116204,JaaviiiZen,Counter Strike 2,54010,Turritos,False
116206,Nanitos,Counter Strike 2,54010,Turritos,False
116208,Carta,Counter Strike 2,54010,Turritos,False
116210,Sil3nT,Counter Strike 2,54010,Turritos,False
116212,Losdey,Counter Strike 2,54010,Turritos,False
116222,RiiL3,Counter Strike 2,49799,Chetz,False
116240,SALO_MUX,Counter Strike 2,51719,GR,False
116242,mediocrity,Counter Strike 2,51719,GR,False
116244,7nation,Counter Strike 2,51719,GR,False
116246,weqt2,Counter Strike 2,51719,GR,False
116248,Runnin,Counter Strike 2,51719,GR,False
116250,ThozoR,Counter Strike 2,53706,NeverPlay,False
116252,Aliot,Counter Strike 2,54026,K27,False
116254,Twizell,Counter Strike 2,54026,K27,False
116255,xeedo,Counter Strike 2,54026,K27,False
116257,kashl1d,Counter Strike 2,54026,K27,False
116258,relaxxie,Counter Strike 2,54026,K27,False
116259,wanker,Counter Strike 2,53964,VECA,False
116261,furri,Counter Strike 2,53964,VECA,False
116263,Bjarnii,Counter Strike 2,53964,VECA,False
116265,viRuz!,Counter Strike 2,53964,VECA,False
116267,Stjani_Guli,Counter Strike 2,53964,VECA,False
116268,UwU Beowulf 2,Counter Strike 2,53981,IFH,False
116271,Gauthierlele,Counter Strike 2,54008,Loading,False
116273,Jas_x,Counter Strike 2,54008,Loading,False
116275,Revol,Counter Strike 2,54008,Loading,False
116276,kayZ,Counter Strike 2,54008,Loading,False
116288,SIXER,Counter Strike 2,54008,Loading,False
116290,Razzmo,Counter Strike 2,54008,Loading,False
116309,anttzz,Counter Strike 2,51169,HOTU,False
116311,fineshine52,Counter Strike 2,51169,HOTU,False
116313,mizu,Counter Strike 2,51169,HOTU,False
116315,lampada,Counter Strike 2,51169,HOTU,False
116317,Re1GN,Counter Strike 2,51169,HOTU,False
116319,AJ_-_,Counter Strike 2,49554,NaVi Youth,False
116321,kodak,Counter Strike 2,49554,NaVi Youth,False
116323,balage,Counter Strike 2,49554,NaVi Youth,False
116325,Ader,Counter Strike 2,49554,NaVi Youth,False
116327,yoki,Counter Strike 2,49554,NaVi Youth,False
116393,YuZ,Counter Strike 2,49644,Phoenix,False
116502,shyyne,Counter Strike 2,51509,Viperio,False
116568,KRL,Counter Strike 2,51536,GenOne,False
116581,drqkonzer,Counter Strike 2,54008,Loading,False
116584,izik,Counter Strike 2,53932,Team Aether,False
116643,Templ,Counter Strike 2,51641,Lazer Cats,False
116645,nikitea,Counter Strike 2,51641,Lazer Cats,False
116647,7oX1C,Counter Strike 2,51641,Lazer Cats,False
116649,yab0ku-,Counter Strike 2,51641,Lazer Cats,False
116657,simpan,Counter Strike 2,51846,Godsent,False
116660,PR1mE,Counter Strike 2,53693,WOPA Esport,False
116661,Cizzx,Counter Strike 2,54039,PCIFIC Esports,False
116663,eNs,Counter Strike 2,54039,PCIFIC Esports,False
116665,Ckanic,Counter Strike 2,54039,PCIFIC Esports,False
116667,jresy,Counter Strike 2,54039,PCIFIC Esports,False
116669,lugseN,Counter Strike 2,54039,PCIFIC Esports,False
116677,HEN1,Counter Strike 2,49780,RED Canids,False
116681,[OFICIAL] ⑳ kaahSENSEI,Counter Strike 2,51528,FURIA fe,False
116683,[OFICIAL] ⑳ gabs -sH,Counter Strike 2,51528,FURIA fe,False
116685,[OFICIAL] ⑳ bizinha;,Counter Strike 2,51528,FURIA fe,False
116687,★ ⑳ lulitenzz,Counter Strike 2,51528,FURIA fe,False
116689,[OFICIAL] ⑳ izaa,Counter Strike 2,51528,FURIA fe,False
116691,[OFICIAL] ⑲ Arkynha,Counter Strike 2,54054,CAPIVARAS,False
116693,✓   ⑳ yuu,Counter Strike 2,54054,CAPIVARAS,False
116695,✓   ⑳ luhflickzz,Counter Strike 2,54054,CAPIVARAS,False
116697,✓ ★ ⑲ elen,Counter Strike 2,54054,CAPIVARAS,False
116699,✓ ★ ⑳ cromaa,Counter Strike 2,54054,CAPIVARAS,False
116701,⑳ showliana,Counter Strike 2,54055,TheKillaz,False
116703,✓ ★ ⑳ FLYSTYLE,Counter Strike 2,54055,TheKillaz,False
116705,★ ⑳ cellax,Counter Strike 2,54055,TheKillaz,False
116707,⑳ hera,Counter Strike 2,54055,TheKillaz,False
116709,✓   ⑲ samys.,Counter Strike 2,54055,TheKillaz,False
116711,[COACH] ★ ⑲ slip,Counter Strike 2,54059,inSanitY Female,False
116715,[OFICIAL] ⑳ GaBi,Counter Strike 2,51329,MIBR fe,False
116717,[OFICIAL] ⑳ khizha,Counter Strike 2,51329,MIBR fe,False
116719,[OFICIAL] ⑳ regiane,Counter Strike 2,51329,MIBR fe,False
116721,[COACH] ✓ ★ ⑳ RMN,Counter Strike 2,51329,MIBR fe,False
116723,★ ⑳ dANI,Counter Strike 2,51329,MIBR fe,False
116725,[OFICIAL] ⑳ Babs,Counter Strike 2,51329,MIBR fe,False
116727,✓ ☆ ⑲ banana,Counter Strike 2,54056,PEAK FE,False
116729,✓   ⑲ Le^,Counter Strike 2,54056,PEAK FE,False
116731,[COACH] ✓   ⑲ CyBeR,Counter Strike 2,54056,PEAK FE,False
116733,✓   ⑳ valuuuu_-,Counter Strike 2,54056,PEAK FE,False
116735,✓ ★ ⑳ eleveN1,Counter Strike 2,54056,PEAK FE,False
116737,✓   ⑲ Luulu4k,Counter Strike 2,54056,PEAK FE,False
116739,[COACH] ★ ⑳ darkpsy,Counter Strike 2,52290,Fluxo Demons,False
116741,✓ ★ ⑳ annaEX,Counter Strike 2,52290,Fluxo Demons,False
116743,[OFICIAL] ⑳ goddess,Counter Strike 2,52290,Fluxo Demons,False
116744,✓ ★ ⑳ josi,Counter Strike 2,52290,Fluxo Demons,False
116746,[OFICIAL] ⑳ yungher,Counter Strike 2,52290,Fluxo Demons,False
116748,[OFICIAL] ⑳ poppins,Counter Strike 2,52290,Fluxo Demons,False
116750,[OFICIAL] ⑳ s1non,Counter Strike 2,53026,Atrix esports,False
116752,✓   ⑳ LyttleZ,Counter Strike 2,53026,Atrix esports,False
116753,[COACH] ★ ⑳ segalla,Counter Strike 2,53026,Atrix esports,False
116755,★ ⑳ bokor,Counter Strike 2,53026,Atrix esports,False
116757,✓   ⑳ sofiakkkj,Counter Strike 2,53026,Atrix esports,False
116759,✓ ★ ⑳ mari.,Counter Strike 2,53026,Atrix esports,False
116761,[COACH] ✓ ★ ⑳ jnt,Counter Strike 2,51528,FURIA fe,False
116766,Brilliance,Counter Strike 2,54062,PeeP,False
116768,aNsavage,Counter Strike 2,54062,PeeP,False
116770,La3euka,Counter Strike 2,54062,PeeP,False
116771,YumsaN,Counter Strike 2,54062,PeeP,False
116773,yiksrezo,Counter Strike 2,54062,PeeP,False
116781,hAdji,Counter Strike 2,54064,Drillas,False
116783,AMSALEM,Counter Strike 2,54064,Drillas,False
116785,Kvem,Counter Strike 2,54064,Drillas,False
116787,Woro2k,Counter Strike 2,54064,Drillas,False
116802,BehinDx,Counter Strike 2,54063,Molotov,False
116804,Speedie,Counter Strike 2,54063,Molotov,False
116806,Viggo,Counter Strike 2,54063,Molotov,False
116807,stesso,Counter Strike 2,54063,Molotov,False
116809,bekker,Counter Strike 2,54063,Molotov,False
116811,[COACH] ✓ ★ ⑳ zen,Counter Strike 2,54054,CAPIVARAS,False
116813,✓   ⑳ DynasTy,Counter Strike 2,54056,PEAK FE,False
116815,AJ2k,Counter Strike 2,51439,InControl,False
116844,tomkeejs,Counter Strike 2,49787,SINNERS Esports,False
116861,snatchie,Counter Strike 2,49554,NaVi Youth,False
116881,clax,Counter Strike 2,50074,AURORA,False
116883,Lack1,Counter Strike 2,50074,AURORA,False
116884,Norwi,Counter Strike 2,50074,AURORA,False
116886,deko,Counter Strike 2,50074,AURORA,False
116888,KENSi,Counter Strike 2,50074,AURORA,False
116904,felps,Counter Strike 2,49619,Imperial,False
116905,VINI,Counter Strike 2,49619,Imperial,False
116906,decenty,Counter Strike 2,49619,Imperial,False
116910,TRY,Counter Strike 2,49619,Imperial,False
116911,noway,Counter Strike 2,49619,Imperial,False
116956,kl1m,Counter Strike 2,53938,G2 Ares,False
116979,DOM-,Counter Strike 2,51088,SAGA,False
116981,WZRD,Counter Strike 2,51088,SAGA,False
116983,Tight-,Counter Strike 2,51088,SAGA,False
116985,Zolo^,Counter Strike 2,51088,SAGA,False
116987,ADHD * NATURE VALLEY,Counter Strike 2,51088,SAGA,False
116989,Leifsson,Counter Strike 2,54066,Kano,False
116990,kuddi,Counter Strike 2,54066,Kano,False
116991,m4nge,Counter Strike 2,54066,Kano,False
116992,junny naz,Counter Strike 2,54066,Kano,False
116994,Qwallski,Counter Strike 2,54066,Kano,False
116996,kfed,Counter Strike 2,51088,SAGA,False
116998,Buck Angel,Counter Strike 2,51088,SAGA,False
117000,Sh4ker,Counter Strike 2,51088,SAGA,False
117002,AceGeir,Counter Strike 2,51088,SAGA,False
117004,tiro,Counter Strike 2,51088,SAGA,False
117030,sad,Counter Strike 2,54040,Spotless,False
117032,yoshi,Counter Strike 2,54040,Spotless,False
117034,zazzer,Counter Strike 2,54040,Spotless,False
117035,k1slll,Counter Strike 2,54040,Spotless,False
117037,tER3SSS,Counter Strike 2,54040,Spotless,False
117038,Sprayy,Counter Strike 2,54067,Impulse GW,False
117040,H0t,Counter Strike 2,54067,Impulse GW,False
117042,DeathZz,Counter Strike 2,54010,Turritos,False
117077,Raznn #3,Counter Strike 2,54008,Loading,False
117079,xNanoEL6x,Counter Strike 2,54127,CarritoSpain,False
117081,GuimaBrother,Counter Strike 2,53757,Mixzada,False
117083,KiMBARREiROS;,Counter Strike 2,53757,Mixzada,False
117087,[COACH] ✓ ★ ⑳ r4ul,Counter Strike 2,52290,Fluxo Demons,False
117089,kinqie,Counter Strike 2,53083,RUSH B,False
117091,KIRO,Counter Strike 2,53083,RUSH B,False
117092,z1Nny,Counter Strike 2,53083,RUSH B,False
117094,executor,Counter Strike 2,53083,RUSH B,False
117096,t3X1Y,Counter Strike 2,53083,RUSH B,False
117129,f1shh-,Counter Strike 2,53757,Mixzada,False
117142,synyx,Counter Strike 2,52078,ARCRED,False
117144,Get_Jeka,Counter Strike 2,52078,ARCRED,False
117146,1NVISIBLEE,Counter Strike 2,52078,ARCRED,False
117148,DSSj,Counter Strike 2,52078,ARCRED,False
117162,Rainwaker,Counter Strike 2,51546,Team 500,False
117164,CeRq,Counter Strike 2,51546,Team 500,False
117165,SPELLAN,Counter Strike 2,51546,Team 500,False
117167,SHIPZ,Counter Strike 2,51546,Team 500,False
117187,Mike,Counter Strike 2,53106,Akimbo,False
117189,poncze2k,Counter Strike 2,53668,9INE Academy,False
117229,aleph,Counter Strike 2,51331,timbermen,False
117231,nero,Counter Strike 2,51331,timbermen,False
117265,miNideGreez!,Counter Strike 2,52292,IA,False
117348,zur1s,Counter Strike 2,51881,AVEZ,False
117350,󠁳⁧⁧ Yamii,Counter Strike 2,51881,AVEZ,False
117352,HoLLy;,Counter Strike 2,51881,AVEZ,False
117354,AntyVirus,Counter Strike 2,51881,AVEZ,False
117356,fajkus,Counter Strike 2,52013,Zero Tenacity,False
117358,T4gg3D,Counter Strike 2,51592,The Prodigies,False
117360,MAHAR,Counter Strike 2,51592,The Prodigies,False
117361,her1tage111,Counter Strike 2,51592,The Prodigies,False
117363,pandi7o,Counter Strike 2,51509,Viperio,False
117377,✓ ★ ⑳ fakzwall,Counter Strike 2,51285,ROMANOS,False
117379,✓ ★ ⑳ ABMV,Counter Strike 2,51285,ROMANOS,False
117381,meyern1,Counter Strike 2,52238,Bounty Hunters,False
117385,INSTANT,Counter Strike 2,53963,RAFIK,False
117387,z4n3-,Counter Strike 2,53963,RAFIK,False
117389,Drjoli,Counter Strike 2,53963,RAFIK,False
117391,snowy1,Counter Strike 2,53963,RAFIK,False
117393,n1njaDOC,Counter Strike 2,53963,RAFIK,False
117395,insan1tyy,Counter Strike 2,54157,Galorys Academy,False
117397,trindade-,Counter Strike 2,54157,Galorys Academy,False
117399,Kadzz,Counter Strike 2,54157,Galorys Academy,False
117405,REZ,Counter Strike 2,51797,Ninjas in Pyjamas,False
117407,isak,Counter Strike 2,51797,Ninjas in Pyjamas,False
117409,r1nkle,Counter Strike 2,51797,Ninjas in Pyjamas,False
117415,Jorko,Counter Strike 2,50127,mouz NXT,False
117417,Cliqq,Counter Strike 2,50127,mouz NXT,False
117419,xelex.,Counter Strike 2,50127,mouz NXT,False
117421,blick,Counter Strike 2,50127,mouz NXT,False
117438,Fr3nk1e,Counter Strike 2,51331,timbermen,False
117457,spargo,Counter Strike 2,53713,HEIMO,False
117470,m4tthi,Counter Strike 2,51986,Illuminar gaming,False
117472,keis,Counter Strike 2,54081,Back2TheGame,False
117474,adamS,Counter Strike 2,53646,KOI,False
117476,mopoz,Counter Strike 2,53646,KOI,False
117478,JUST,Counter Strike 2,53646,KOI,False
117480,stadodo,Counter Strike 2,53646,KOI,False
117482,dav1g,Counter Strike 2,53646,KOI,False
117490,jR,Counter Strike 2,53937,Team Next Level,False
117492,reg1no.O,Counter Strike 2,53389,Galorys,False
117504,consti,Counter Strike 2,51331,timbermen,False
117568,viz,Counter Strike 2,51846,Godsent,False
117659,quixD,Counter Strike 2,49873,Lilmix,False
117661,hugoxd,Counter Strike 2,49873,Lilmix,False
117663,bq,Counter Strike 2,49873,Lilmix,False
117665,bsover,Counter Strike 2,49873,Lilmix,False
117714,PerdYYY,Counter Strike 2,54096,Enterprise Genesis,False
117716,Lastiik,Counter Strike 2,54096,Enterprise Genesis,False
117718,N1KOLAJ-_,Counter Strike 2,54096,Enterprise Genesis,False
117720,Happyy,Counter Strike 2,54096,Enterprise Genesis,False
117752,AdrieN,Counter Strike 2,51552,Permitta,False
117754,Klameczka,Counter Strike 2,54079,Haspers Team,False
117756,Q-Q-_-,Counter Strike 2,54078,GOSTIVAR,False
117758,kory-,Counter Strike 2,54078,GOSTIVAR,False
117760,fleav,Counter Strike 2,54078,GOSTIVAR,False
117762,xicoz,Counter Strike 2,54078,GOSTIVAR,False
117764,stressarN,Counter Strike 2,54078,GOSTIVAR,False
118152,coolio,Counter Strike 2,53084,Navi Junior,False
118154,ink - mate,Counter Strike 2,54074,Zotix,False
118156,h1glaiN,Counter Strike 2,54074,Zotix,False
118157,shen,Counter Strike 2,54074,Zotix,False
118159,-kRyTou$,Counter Strike 2,54074,Zotix,False
118161,Leha2077,Counter Strike 2,54074,Zotix,False
118165,GongaS,Counter Strike 2,53757,Mixzada,False
118167,CrappyJayPee,Counter Strike 2,54082,Team 100K,False
118169,birro,Counter Strike 2,54082,Team 100K,False
118171,gbzin,Counter Strike 2,54082,Team 100K,False
118173,mitch,Counter Strike 2,54082,Team 100K,False
118175,ecozin,Counter Strike 2,54082,Team 100K,False
118246,SENER1,Counter Strike 2,54064,Drillas,False
118285,s1zen,Counter Strike 2,51651,Gameinside,False
118311,Dafra1D,Counter Strike 2,53704,KONO.ECF,False
118331,fanatyk ☾,Counter Strike 2,54068,DevilsOne,False
118333,LEENAS,Counter Strike 2,51492,Kyoto,False
118334,5tumble,Counter Strike 2,54139,kubixPulse,False
118335,kjuK,Counter Strike 2,51492,Kyoto,False
118336,Frip_,Counter Strike 2,54139,kubixPulse,False
118337,fallingxdd,Counter Strike 2,54139,kubixPulse,False
118340,shavka-_-,Counter Strike 2,54081,Back2TheGame,False
118342,Masi,Counter Strike 2,54081,Back2TheGame,False
118344,Fugor-,Counter Strike 2,54081,Back2TheGame,False
118346,Xydoo,Counter Strike 2,54081,Back2TheGame,False
118390,bRYON,Counter Strike 2,53981,IFH,False
118392,KWERTZZ,Counter Strike 2,53896,BC.Game Esports,False
118417,agoz,Counter Strike 2,49873,Lilmix,False
118419,SeBreeZe,Counter Strike 2,49873,Lilmix,False
118433,tonysalva,Counter Strike 2,50072,Þór,False
118451,olik,Counter Strike 2,52233,ECLOT,False
118477,madss,Counter Strike 2,54098,TSM 2.0,False
118479,Pretzel,Counter Strike 2,54098,TSM 2.0,False
118480,Lx,Counter Strike 2,54098,TSM 2.0,False
118482,Syyko,Counter Strike 2,54097,Sedated,False
118484,Darthkaechi,Counter Strike 2,54097,Sedated,False
118485,Ash_Red,Counter Strike 2,54097,Sedated,False
118487,Kolsy,Counter Strike 2,54097,Sedated,False
118488,Monstr,Counter Strike 2,54097,Sedated,False
118490,Dolphin,Counter Strike 2,54100,Brain Destroyer,False
118492,soda man 28,Counter Strike 2,54100,Brain Destroyer,False
118493,DuGGz,Counter Strike 2,54100,Brain Destroyer,False
118495,GLB118,Counter Strike 2,54100,Brain Destroyer,False
118497,HUH,Counter Strike 2,54100,Brain Destroyer,False
118499,djay,Counter Strike 2,54099,Might x Gripgel,False
118501,pwnalone,Counter Strike 2,54099,Might x Gripgel,False
118502,snakes,Counter Strike 2,54099,Might x Gripgel,False
118504,jonji,Counter Strike 2,54099,Might x Gripgel,False
118506,BATSPEED,Counter Strike 2,53538,Revel,False
118508,tripp,Counter Strike 2,53538,Revel,False
118512,Outback,Counter Strike 2,54101,Penance,False
118514,REKMEISTER,Counter Strike 2,54101,Penance,False
118517,doltn,Counter Strike 2,54107,Alter Iron Club,False
118519,toasty,Counter Strike 2,54102,Dumb Dogs,False
118521,GKaay,Counter Strike 2,54102,Dumb Dogs,False
118523,TeXaSs^,Counter Strike 2,54102,Dumb Dogs,False
118525,sathsea,Counter Strike 2,54102,Dumb Dogs,False
118526,Clutch,Counter Strike 2,54105,Not My IGL,False
118528,Tyler_,Counter Strike 2,54105,Not My IGL,False
118530,JAMEStheGREAT3,Counter Strike 2,54105,Not My IGL,False
118532,Drawde,Counter Strike 2,54105,Not My IGL,False
118533,sqroobz,Counter Strike 2,54105,Not My IGL,False
118535,MSG,Counter Strike 2,54104,Spin The Block,False
118537,Caffrey,Counter Strike 2,54104,Spin The Block,False
118539,Sunk,Counter Strike 2,54104,Spin The Block,False
118541,KURIMAKOV,Counter Strike 2,54104,Spin The Block,False
118543,stattik,Counter Strike 2,54104,Spin The Block,False
118545,Talen,Counter Strike 2,54107,Alter Iron Club,False
118547,arias,Counter Strike 2,54107,Alter Iron Club,False
118549,clipzera,Counter Strike 2,54107,Alter Iron Club,False
118550,ogura,Counter Strike 2,54108,MCS Gaming,False
118552,Go0dby3,Counter Strike 2,54108,MCS Gaming,False
118554,snufaffu,Counter Strike 2,54108,MCS Gaming,False
118556,Gibbyatl,Counter Strike 2,54108,MCS Gaming,False
118557,Scorchyy,Counter Strike 2,54108,MCS Gaming,False
118559,corn,Counter Strike 2,54111,Fisher Tsunami,False
118561,AlekS,Counter Strike 2,54111,Fisher Tsunami,False
118563,CrePoW,Counter Strike 2,54111,Fisher Tsunami,False
118565,tatm,Counter Strike 2,54111,Fisher Tsunami,False
118567,ReFuZR,Counter Strike 2,54111,Fisher Tsunami,False
118569,Galaxy,Counter Strike 2,53412,ENIGMA,False
118571,Pinhead Larry,Counter Strike 2,53412,ENIGMA,False
118573,Galact,Counter Strike 2,53412,ENIGMA,False
118574,dirtydan,Counter Strike 2,53412,ENIGMA,False
118576,Xirt,Counter Strike 2,53412,ENIGMA,False
118578,Trick,Counter Strike 2,53412,ENIGMA,False
118579,Ravenzs,Counter Strike 2,53412,ENIGMA,False
118581,RECKLESS,Counter Strike 2,54111,Fisher Tsunami,False
118583,pecan50,Counter Strike 2,54111,Fisher Tsunami,False
118585,leae,Counter Strike 2,54111,Fisher Tsunami,False
118587,borb_,Counter Strike 2,54111,Fisher Tsunami,False
118589,Huntxr,Counter Strike 2,53412,ENIGMA,False
118620,HAMBOOGA,Counter Strike 2,54122,Take Flyte Frauds,False
118622,Ink,Counter Strike 2,54122,Take Flyte Frauds,False
118623,jwb,Counter Strike 2,54122,Take Flyte Frauds,False
118625,cutedog,Counter Strike 2,54122,Take Flyte Frauds,False
118627,noahhh,Counter Strike 2,54122,Take Flyte Frauds,False
118629,JMZ,Counter Strike 2,54121,Planet Express,False
118630,Auser,Counter Strike 2,54121,Planet Express,False
118632,A1pha,Counter Strike 2,54121,Planet Express,False
118634,LittleBEER,Counter Strike 2,53848,After Hours,False
118636,CMitch,Counter Strike 2,53848,After Hours,False
118638,Swoozy,Counter Strike 2,54120,Boiler Boyz,False
118639,pawla,Counter Strike 2,54120,Boiler Boyz,False
118641,flow,Counter Strike 2,54120,Boiler Boyz,False
118643,Xner,Counter Strike 2,54120,Boiler Boyz,False
118645,dAVE,Counter Strike 2,54124,Slugy's Shekel Squad,False
118647,slugy,Counter Strike 2,54124,Slugy's Shekel Squad,False
118649,nguyen,Counter Strike 2,54124,Slugy's Shekel Squad,False
118651,JDubs,Counter Strike 2,54124,Slugy's Shekel Squad,False
118654,P3nnyCS,Counter Strike 2,54125,Leftovers,False
118656,1NoVa,Counter Strike 2,54125,Leftovers,False
118658,c0ntr01,Counter Strike 2,54125,Leftovers,False
118691,Magisk,Counter Strike 2,51967,Falcons,False
118693,Snappi,Counter Strike 2,51967,Falcons,False
118695,Dupreeh,Counter Strike 2,51967,Falcons,False
118697,s1mple,Counter Strike 2,51967,Falcons,False
118699,maden,Counter Strike 2,51967,Falcons,False
118701,FL1T,Counter Strike 2,49533,Virtus.Pro,False
118702,Jame,Counter Strike 2,49533,Virtus.Pro,False
118703,electroNic,Counter Strike 2,49533,Virtus.Pro,False
118705,fame,Counter Strike 2,49533,Virtus.Pro,False
118707,n0rb3r7,Counter Strike 2,49533,Virtus.Pro,False
118720,VIZE,Counter Strike 2,53692,Copenhagen Wolves,False
118722,Mzinho,Counter Strike 2,51177,The MongolZ,False
118724,bLitz,Counter Strike 2,51177,The MongolZ,False
118726,Techno4K,Counter Strike 2,51177,The MongolZ,False
118727,910,Counter Strike 2,51177,The MongolZ,False
118729,kWAUR,Counter Strike 2,50933,Rhyno Esports,False
118731,axebot,Counter Strike 2,50933,Rhyno Esports,False
118733,imT0XIC,Counter Strike 2,50933,Rhyno Esports,False
118735,-blaze999,Counter Strike 2,50933,Rhyno Esports,False
118739,5-star,Counter Strike 2,52375,FALKE ESPORTS,False
118741,HeMan,Counter Strike 2,52375,FALKE ESPORTS,False
118742,Rafex78,Counter Strike 2,52375,FALKE ESPORTS,False
118743,Ag3NtK,Counter Strike 2,52375,FALKE ESPORTS,False
118745,Shn,Counter Strike 2,52375,FALKE ESPORTS,False
118747,akuma,Counter Strike 2,54129,Coxos,False
118749,lwh,Counter Strike 2,54126,Talaintanse,False
118751,bayon,Counter Strike 2,50400,ICON,False
118753,meskiii,Counter Strike 2,54126,Talaintanse,False
118754,pakitu,Counter Strike 2,54126,Talaintanse,False
118756,kaZzu,Counter Strike 2,54128,SweetBonanzers,False
118758,Werzaide,Counter Strike 2,54128,SweetBonanzers,False
118760,doon1k,Counter Strike 2,54128,SweetBonanzers,False
118762,YuRk0,Counter Strike 2,54127,CarritoSpain,False
118768,TeSeS,Counter Strike 2,49627,Heroic,False
118770,NertZ,Counter Strike 2,49627,Heroic,False
118772,kyxsan,Counter Strike 2,49627,Heroic,False
118773,sjuush,Counter Strike 2,49627,Heroic,False
118775,degster,Counter Strike 2,49627,Heroic,False
118796,MaThZ†,Counter Strike 2,51536,GenOne,False
118901,kreyn,Counter Strike 2,50400,ICON,False
118903,met,Counter Strike 2,50400,ICON,False
118905,Jarimba,Counter Strike 2,50400,ICON,False
118907,XICQQ,Counter Strike 2,50400,ICON,False
118910,Dvn666-_,Counter Strike 2,54129,Coxos,False
118912,niox,Counter Strike 2,54129,Coxos,False
118949,rocky,Counter Strike 2,52197,SQUAD,False
119049,pancc,Counter Strike 2,53712,Vikings KR,False
119051,talkzyn,Counter Strike 2,53951,Nitro,False
119053,gejmzilla,Counter Strike 2,51492,Kyoto,False
119055,tripey,Counter Strike 2,54139,kubixPulse,False
119057,ammar-iwnl-,Counter Strike 2,51492,Kyoto,False
119059,rosoneriii,Counter Strike 2,51492,Kyoto,False
119060,v1w,Counter Strike 2,54139,kubixPulse,False
119062,BK1,Counter Strike 2,54147,ShindeN,False
119064,abizz,Counter Strike 2,54147,ShindeN,False
119066,roy,Counter Strike 2,54147,ShindeN,False
119068,ivz,Counter Strike 2,54147,ShindeN,False
119072,teleD,Counter Strike 2,51295,Yawara Esports,False
119105,vsm,Counter Strike 2,54149,Tropa do Taco,False
119107,TACO,Counter Strike 2,54149,Tropa do Taco,False
119109,ponter,Counter Strike 2,54149,Tropa do Taco,False
119111,farias,Counter Strike 2,54149,Tropa do Taco,False
119119,ruan pablo,Counter Strike 2,54155,Bestia Academy,False
119121,Lucasye,Counter Strike 2,54155,Bestia Academy,False
119123,agt,Counter Strike 2,54155,Bestia Academy,False
119130,tsug,Counter Strike 2,51588,paiN Academy,False
119131,alwayz,Counter Strike 2,52162,BeBold.gg,False
119133,Machado,Counter Strike 2,52162,BeBold.gg,False
119135,agR,Counter Strike 2,52162,BeBold.gg,False
119137,vhs,Counter Strike 2,52162,BeBold.gg,False
119138,guH,Counter Strike 2,52162,BeBold.gg,False
119309,EddezeNNN,Counter Strike 2,49944,DUSTY,False
119311,th0rsteinnf,Counter Strike 2,49944,DUSTY,False
119346,Hippo,Counter Strike 2,53826,ADEPTS,False
119403,BALJS,Counter Strike 2,54068,DevilsOne,False
119405,H4RR3w0w,Counter Strike 2,50020,777,False
119454,doobs,Counter Strike 2,49873,Lilmix,False
119496,dobbo,Counter Strike 2,49506,Verdant,False
119696,MAT1-_-,Counter Strike 2,54139,kubixPulse,False
120255,redi,Counter Strike 2,51499,Hype E-sports,False
120298,★ ⑲ iogazeraXD,Counter Strike 2,53830,JOGA DE TERNO,False
120300,★ ⑳ lulu,Counter Strike 2,53830,JOGA DE TERNO,False
